arm,docsVersion,run,task,rep,inputTokens,outputTokens,freshInputTokens,cacheReadTokens,cacheWriteTokens,mainInputTokens,mainRequests,subagentInputTokens,subagentRuns,toolset,modelRequests,aiCredits,toolCalls,failedToolCalls,multiReadCalls,docFilesRead,codeFilesRead,docTokensRead,codeTokensRead,readTokens,score,missing,filesModified,topFiles
"complete","baseline","iso-1","ai-fallback","rep-1",119946,2017,31955,87991,14392,75689,3,44257,1,"read_file",7,5.86302,26,0,0,2,2,3517,4044,7561,0.8,"choices",0,"worker/src/services/ai-dm.ts(3493) PRD.md(2682) SETUP.md(835) worker/src/types/index.ts(551)"
"complete","baseline","iso-1","ai-fallback","rep-2",64396,1209,20816,43580,12105,46328,2,18068,1,"read_file",5,4.45543,11,0,0,0,1,0,3673,3673,0.8,"choices",0,"worker/src/services/ai-dm.ts(3673)"
"complete","baseline","iso-1","ai-fallback","rep-3",159736,2661,28040,131696,14617,128636,5,31100,1,"read_file",9,7.48943,28,0,0,2,1,2264,3786,6050,0.8,"choices",0,"worker/src/services/ai-dm.ts(3786) PRD.md(1429) SETUP.md(835)"
"complete","baseline","iso-1","combat-round","rep-1",110577,2158,35890,74687,15211,75670,3,34907,1,"read_file",6,6.43001,19,0,0,2,8,3517,11201,14718,1,"",0,"worker/src/services/ai-dm.ts(3322) PRD.md(2682) worker/src/services/combat.ts(1867) worker/src/db/seed.sql(1782) worker/src/routes/combat.ts(1161)"
"complete","baseline","iso-1","combat-round","rep-2",112983,2357,36233,76750,15789,76844,3,36139,1,"read_file",6,6.77343,19,0,0,2,5,3517,8007,11524,1,"",0,"worker/src/services/ai-dm.ts(3322) PRD.md(2682) worker/src/services/combat.ts(1867) worker/src/routes/combat.ts(1161) worker/src/types/index.ts(1144)"
"complete","baseline","iso-1","combat-round","rep-3",105067,1898,31181,73886,13631,73878,3,31189,1,"read_file",6,5.83377,19,0,0,2,5,3517,6583,10100,1,"",0,"PRD.md(2682) worker/src/services/ai-dm.ts(2400) worker/src/services/combat.ts(1867) worker/src/routes/combat.ts(1161) SETUP.md(835)"
"complete","baseline","iso-1","cors-origin","rep-1",109022,1225,9908,99114,9898,109022,5,0,0,"view",5,5.68378,6,0,0,0,1,0,177,177,1,"",0,"worker/src/index.ts(177)"
"complete","baseline","iso-1","cors-origin","rep-2",61790,1006,17158,44632,8484,42690,2,19100,1,"read_file",5,3.22484,17,0,0,2,0,3517,0,3517,1,"",0,"PRD.md(2682) SETUP.md(835)"
"complete","baseline","iso-1","cors-origin","rep-3",105298,818,8285,97013,8275,105298,5,0,0,"view",5,4.82901,4,0,0,0,1,0,386,386,1,"",0,"worker/src/index.ts(386)"
"complete","baseline","iso-1","inventory-dialog","rep-1",64400,1364,21297,43103,13239,47448,2,16952,1,"read_file",5,4.72665,17,0,0,0,2,0,1687,1687,0.8333333333333334,"MatDialog",0,"frontend/src/app/components/inventory/inventory.component.ts(1150) frontend/src/app/components/game-console/game-console.component.ts(537)"
"complete","baseline","iso-1","inventory-dialog","rep-2",65238,1228,21007,44231,12747,46952,2,18286,1,"read_file",5,4.64957,11,0,0,0,4,0,3473,3473,0.8333333333333334,"MatDialog",0,"frontend/src/app/components/inventory/inventory.component.ts(1600) frontend/src/app/components/game-console/game-console.component.html(1282) frontend/src/app/components/game-console/game-console.component.ts(537) frontend/src/app/services/game-api.service.ts(54)"
"complete","baseline","iso-1","inventory-dialog","rep-3",205321,2182,24865,180456,16174,187820,7,17501,1,"read_file",10,9.05294,18,0,0,0,4,0,4398,4398,1,"",0,"frontend/src/app/components/inventory/inventory.component.ts(1600) frontend/src/app/components/game-console/game-console.component.html(1282) frontend/src/app/services/game-api.service.ts(1179) frontend/src/app/components/game-console/game-console.component.ts(337)"
"complete","baseline","iso-1","level-up-flow","rep-1",167199,2409,32360,134839,17840,138222,5,28977,1,"read_file",8,8.55644,20,1,0,1,8,2682,5296,7978,0.8333333333333334,"+2",0,"PRD.md(2682) worker/src/services/character.ts(1502) frontend/src/app/components/game-console/game-console.component.ts(885) worker/src/db/seed.sql(693) frontend/src/app/services/character-state.service.ts(689)"
"complete","baseline","iso-1","level-up-flow","rep-2",93484,2071,31761,61723,13115,47331,2,46153,1,"read_file",6,4.97379,25,1,0,2,8,3517,5136,8653,0.8333333333333334,"+2",0,"PRD.md(2682) worker/src/db/seed.sql(1782) SETUP.md(835) frontend/src/app/services/game-api.service.ts(684) frontend/src/app/components/game-console/game-console.component.ts(635)"
"complete","baseline","iso-1","level-up-flow","rep-3",122564,2784,39179,83385,16325,76486,3,46078,2,"read_file",9,6.67055,31,1,0,2,10,3517,10176,13693,1,"",0,"worker/src/services/ai-dm.ts(3673) PRD.md(2682) worker/src/services/character.ts(1502) frontend/src/app/services/character-state.service.ts(1378) frontend/src/app/components/game-console/game-console.component.ts(967)"
"complete","baseline","iso-1","local-login","rep-1",105420,1967,29826,75594,13593,74323,3,31097,1,"read_file",6,5.66193,22,0,0,2,8,3517,5430,8947,0.8,"authGuard",0,"PRD.md(2682) worker/src/services/character.ts(1502) worker/migrations/0001_initial_schema.sql(1065) SETUP.md(835) worker/src/services/session.ts(747)"
"complete","baseline","iso-1","local-login","rep-2",283150,2858,14992,268158,14968,283150,12,0,0,"view",12,11.96796,16,0,0,0,5,0,2659,2659,0.8,"no password",0,"frontend/src/app/models/game.models.ts(824) frontend/src/app/services/auth.service.ts(623) worker/src/index.ts(565) frontend/src/app/components/login/login.component.ts(480) worker/src/routes/session.ts(167)"
"complete","baseline","iso-1","local-login","rep-3",94528,1760,31392,63136,13932,48148,2,46380,1,"read_file",6,4.88204,27,0,0,2,3,3517,1421,4938,0.8,"authGuard",0,"PRD.md(2682) SETUP.md(835) frontend/src/app/services/auth.service.ts(662) frontend/src/app/components/login/login.component.ts(522) frontend/src/app/models/game.models.ts(237)"
"complete","baseline","iso-1","log-pagination","rep-1",74479,1764,23420,51059,13062,47298,2,27181,1,"read_file",6,4.61394,25,2,0,0,2,0,2670,2670,1,"",0,"frontend/src/app/components/game-console/game-console.component.ts(2367) worker/src/routes/log.ts(303)"
"complete","baseline","iso-1","log-pagination","rep-2",136230,2843,18272,117958,13410,118325,5,17905,1,"view",9,7.2706,30,0,0,0,1,0,269,269,1,"",0,"worker/src/routes/log.ts(269)"
"complete","baseline","iso-1","log-pagination","rep-3",72923,1727,21090,51833,11348,45580,2,27343,1,"read_file",6,4.21536,25,2,0,0,3,0,3151,3151,1,"",0,"frontend/src/app/components/game-console/game-console.component.ts(2369) frontend/src/app/components/game-console/game-console.component.html(479) worker/src/routes/log.ts(303)"
"complete","baseline","iso-1","rest-endpoint-plan","rep-1",392680,4631,29598,363082,29572,392680,13,0,0,"view",13,19.29084,28,1,0,0,10,0,9723,9723,1,"",0,"frontend/src/app/components/game-console/game-console.component.ts(2322) worker/src/services/character.ts(1465) worker/src/types/index.ts(1180) worker/src/routes/shop.ts(1128) worker/src/routes/action.ts(1070)"
"complete","baseline","iso-1","rest-endpoint-plan","rep-2",395444,5899,30165,365279,30139,395444,13,0,0,"view",13,20.74453,29,0,0,0,9,0,9166,9166,1,"",0,"frontend/src/app/components/inventory/inventory.component.ts(1556) worker/src/services/character.ts(1465) frontend/src/app/components/inventory/inventory.component.html(1215) worker/src/types/index.ts(1180) frontend/src/app/services/game-api.service.ts(1179)"
"complete","baseline","iso-1","rest-endpoint-plan","rep-3",238430,3834,26041,212389,26023,238430,9,0,0,"view",9,14.59113,23,0,0,0,8,0,8915,8915,1,"",0,"frontend/src/app/components/game-console/game-console.component.ts(2322) worker/src/types/index.ts(1180) frontend/src/app/services/game-api.service.ts(1179) worker/src/routes/shop.ts(1128) worker/src/routes/action.ts(1070)"
"complete","baseline","iso-1","session-expiry","rep-1",217733,3783,28460,189273,16451,184505,7,33228,1,"read_file",11,10.16435,34,0,0,0,6,0,3319,3319,1,"",0,"worker/src/routes/action.ts(1070) frontend/src/app/components/game-console/game-console.component.ts(793) worker/src/services/session.ts(747) worker/wrangler.toml(273) worker/src/index.ts(233)"
"complete","baseline","iso-1","session-expiry","rep-2",154871,2733,27155,127716,15996,133046,5,21825,1,"read_file",8,8.0798,20,0,0,0,6,0,5230,5230,1,"",0,"frontend/src/app/components/game-console/game-console.component.ts(1815) worker/src/routes/action.ts(1106) frontend/src/app/services/game-api.service.ts(761) worker/src/services/session.ts(747) worker/src/index.ts(598)"
"complete","baseline","iso-1","session-expiry","rep-3",163046,2890,25970,137076,15208,131154,5,31892,1,"read_file",9,7.95572,28,5,0,0,4,0,2616,2616,1,"",0,"worker/src/types/index.ts(1144) worker/src/services/session.ts(747) frontend/src/app/components/game-console/game-console.component.ts(522) worker/src/routes/session.ts(203)"
"complete","baseline","iso-1","shop-sell","rep-1",184610,2867,25605,159005,16994,162483,6,22127,1,"read_file",10,9.08844,30,0,0,0,5,0,5369,5369,1,"",0,"frontend/src/app/components/inventory/inventory.component.ts(1600) worker/src/db/seed.sql(1174) worker/src/routes/shop.ts(1036) worker/src/services/character.ts(800) frontend/src/app/components/inventory/inventory.component.spec.ts(759)"
"complete","baseline","iso-1","shop-sell","rep-2",204379,2640,23621,180758,14150,174360,7,30019,1,"read_file",11,8.43022,30,0,0,1,2,2682,1570,4252,1,"",0,"PRD.md(2682) worker/src/db/seed.sql(1156) worker/src/routes/shop.ts(414)"
"complete","baseline","iso-1","shop-sell","rep-3",66875,1435,21906,44969,12661,46883,2,19992,1,"read_file",5,4.64941,17,0,0,1,1,2682,1163,3845,1,"",0,"PRD.md(2682) worker/src/routes/shop.ts(1163)"
"complete","baseline","iso-1","starting-gear","rep-1",210037,2198,14870,195167,14852,210037,9,0,0,"view",9,9.81794,8,0,0,0,2,0,3212,3212,1,"",0,"worker/src/db/seed.sql(1747) worker/src/services/character.ts(1465)"
"complete","baseline","iso-1","starting-gear","rep-2",129636,1014,10686,118950,10674,129636,6,0,0,"view",6,6.0639,5,0,0,0,1,0,1465,1465,0.8,"seed.sql",0,"worker/src/services/character.ts(1465)"
"complete","baseline","iso-1","starting-gear","rep-3",111012,2013,27512,83500,15864,77792,3,33220,1,"read_file",7,6.43864,20,0,0,2,2,3517,1330,4847,1,"",0,"PRD.md(2682) SETUP.md(835) worker/src/services/character.ts(820) worker/src/db/seed.sql(510)"
"complete-guided","baseline","iso-1","ai-fallback","rep-1",154765,1616,13919,140846,13905,154765,7,0,0,"view",7,7.91197,8,0,0,0,1,0,3638,3638,0.8,"choices",0,"worker/src/services/ai-dm.ts(3638)"
"complete-guided","baseline","iso-1","ai-fallback","rep-2",89820,1114,13520,76300,13512,89820,4,0,0,"view",4,6.0196,4,0,0,0,1,0,3638,3638,0.8,"choices",0,"worker/src/services/ai-dm.ts(3638)"
"complete-guided","baseline","iso-1","ai-fallback","rep-3",111477,1208,13859,97618,13849,111477,5,0,0,"view",5,6.62461,5,0,0,0,1,0,3638,3638,0.8,"choices",0,"worker/src/services/ai-dm.ts(3638)"
"complete-guided","baseline","iso-1","combat-round","rep-1",192497,2280,18121,174376,18105,192497,8,0,0,"view",8,10.29697,13,0,0,1,3,37,3684,3721,1,"",0,"worker/src/services/combat.ts(2046) worker/src/routes/combat.ts(1125) worker/src/services/dice.ts(513) PRD.md(37)"
"complete-guided","baseline","iso-1","combat-round","rep-2",192414,2631,17805,174609,17789,192414,8,0,0,"view",8,10.57363,14,0,0,1,3,37,3684,3721,1,"",0,"worker/src/services/combat.ts(2046) worker/src/routes/combat.ts(1125) worker/src/services/dice.ts(513) PRD.md(37)"
"complete-guided","baseline","iso-1","combat-round","rep-3",175392,2269,22588,152804,22574,175392,7,0,0,"view",7,10.97138,13,0,0,1,4,246,7322,7568,1,"",0,"worker/src/services/ai-dm.ts(3638) worker/src/services/combat.ts(2046) worker/src/routes/combat.ts(1125) worker/src/services/dice.ts(513) PRD.md(246)"
"complete-guided","baseline","iso-1","cors-origin","rep-1",86428,1367,9761,76667,9753,86428,4,0,0,"view",4,5.34019,5,0,0,0,0,0,0,0,1,"",0,""
"complete-guided","baseline","iso-1","cors-origin","rep-2",132124,1665,9867,122257,9855,132124,6,0,0,"view",6,6.57629,8,0,0,0,1,0,386,386,1,"",0,"worker/src/index.ts(386)"
"complete-guided","baseline","iso-1","cors-origin","rep-3",127041,1105,8729,118312,8717,127041,6,0,0,"view",6,5.65289,5,1,0,0,1,0,565,565,1,"",0,"worker/src/index.ts(565)"
"complete-guided","baseline","iso-1","inventory-dialog","rep-1",221201,2445,15298,205903,15280,221201,9,0,0,"view",9,10.38666,12,0,0,1,3,37,2995,3032,1,"",0,"frontend/src/app/components/inventory/inventory.component.ts(1556) frontend/src/app/services/game-api.service.ts(1179) frontend/src/app/components/game-console/game-console.component.ts(260) PRD.md(37)"
"complete-guided","baseline","iso-1","inventory-dialog","rep-2",87330,1341,22487,64843,12653,67611,3,19719,1,"read_file",6,5.11549,12,0,0,0,5,0,5271,5271,0.8333333333333334,"MatDialog",0,"frontend/src/app/components/inventory/inventory.component.ts(1600) worker/src/routes/character.ts(1536) frontend/src/app/services/game-api.service.ts(940) worker/src/services/character.ts(658) frontend/src/app/components/game-console/game-console.component.ts(537)"
"complete-guided","baseline","iso-1","inventory-dialog","rep-3",85576,1471,21135,64441,13479,68439,3,17137,1,"read_file",6,5.23103,19,0,0,0,3,0,2183,2183,0.8333333333333334,"MatDialog",0,"frontend/src/app/components/inventory/inventory.component.ts(1150) frontend/src/app/components/inventory/inventory.component.spec.ts(759) frontend/src/app/components/game-console/game-console.component.ts(274)"
"complete-guided","baseline","iso-1","level-up-flow","rep-1",307874,4028,18083,289791,18059,307874,12,0,0,"view",12,14.34337,20,0,0,0,6,0,2426,2426,1,"",0,"worker/src/services/character.ts(618) worker/src/routes/levelup.ts(561) frontend/src/app/services/character-state.service.ts(499) frontend/src/app/components/game-console/game-console.component.html(347) worker/src/types/index.ts(205)"
"complete-guided","baseline","iso-1","level-up-flow","rep-2",444103,4421,27943,416160,27913,444103,15,0,0,"view",15,19.72845,24,0,0,0,8,0,9158,9158,0.8333333333333334,"+2",0,"frontend/src/app/components/game-console/game-console.component.ts(2322) worker/src/services/character.ts(1465) frontend/src/app/components/game-console/game-console.component.html(1236) worker/src/types/index.ts(1180) frontend/src/app/services/game-api.service.ts(1179)"
"complete-guided","baseline","iso-1","level-up-flow","rep-3",286864,4383,21078,265786,21056,286864,11,0,0,"view",11,14.96712,22,0,0,1,6,37,4217,4254,0.8333333333333334,"+2",0,"worker/src/services/character.ts(1465) frontend/src/app/components/game-console/game-console.component.ts(981) frontend/src/app/services/character-state.service.ts(647) worker/src/routes/levelup.ts(561) frontend/src/app/services/game-api.service.ts(397)"
"complete-guided","baseline","iso-1","local-login","rep-1",269206,3084,17782,251424,17760,269206,11,0,0,"view",11,12.55688,19,0,0,1,3,1130,1668,2798,0.8,"authGuard",0,"PRD.md(1130) frontend/src/app/services/auth.service.ts(623) worker/src/index.ts(565) frontend/src/app/components/login/login.component.ts(480)"
"complete-guided","baseline","iso-1","local-login","rep-2",215135,2780,17688,197447,17670,215135,9,0,0,"view",9,11.15004,19,0,0,1,6,37,4452,4489,1,"",0,"worker/src/routes/character.ts(1500) worker/migrations/0001_initial_schema.sql(1026) frontend/src/app/components/login/login.component.html(735) frontend/src/app/services/auth.service.ts(623) frontend/src/app/components/login/login.component.ts(480)"
"complete-guided","baseline","iso-1","local-login","rep-3",229321,2969,18067,211254,18049,229321,9,0,0,"view",9,11.70993,17,0,0,2,4,1818,1981,3799,0.8,"authGuard",0,"docs/DEPLOYMENT_NOTES.md(1781) worker/src/services/session.ts(711) frontend/src/app/services/auth.service.ts(623) frontend/src/app/components/login/login.component.ts(480) worker/src/routes/session.ts(167)"
"complete-guided","baseline","iso-1","log-pagination","rep-1",132634,1385,12390,120244,12378,132634,6,0,0,"view",6,6.88678,7,0,0,0,2,0,2591,2591,1,"",0,"frontend/src/app/components/game-console/game-console.component.ts(2322) worker/src/routes/log.ts(269)"
"complete-guided","baseline","iso-1","log-pagination","rep-2",85277,1764,19848,65429,11131,66145,3,19132,1,"read_file",6,4.83911,18,0,0,0,2,0,984,984,1,"",0,"frontend/src/app/components/game-console/game-console.component.ts(681) worker/src/routes/log.ts(303)"
"complete-guided","baseline","iso-1","log-pagination","rep-3",209337,2567,14556,194781,14538,209337,9,0,0,"view",9,10.10072,14,0,0,0,2,0,654,654,1,"",0,"frontend/src/app/components/game-console/game-console.component.ts(385) worker/src/routes/log.ts(269)"
"complete-guided","baseline","iso-1","rest-endpoint-plan","rep-1",542759,6464,36144,506615,36114,542759,15,0,0,"view",15,25.6308,34,1,0,1,10,1651,11892,13543,1,"",0,"frontend/src/app/components/game-console/game-console.component.ts(2322) PRD.md(1651) frontend/src/app/components/inventory/inventory.component.ts(1556) worker/src/services/character.ts(1465) worker/src/types/index.ts(1180)"
"complete-guided","baseline","iso-1","rest-endpoint-plan","rep-2",388234,5171,30308,357926,30284,388234,12,0,0,"view",12,19.90532,33,0,0,1,10,1651,8069,9720,0.8333333333333334,"game-console",0,"PRD.md(1651) worker/src/services/character.ts(1465) worker/src/types/index.ts(1180) frontend/src/app/services/game-api.service.ts(1179) worker/src/routes/shop.ts(1128)"
"complete-guided","baseline","iso-1","rest-endpoint-plan","rep-3",454389,5710,38643,415746,38617,454389,13,0,0,"view",13,23.68437,36,0,0,2,12,841,13716,14557,1,"",0,"frontend/src/app/components/game-console/game-console.component.ts(2322) frontend/src/app/components/inventory/inventory.component.ts(1556) worker/src/services/character.ts(1465) frontend/src/app/components/game-console/game-console.component.html(1236) worker/src/types/index.ts(1180)"
"complete-guided","baseline","iso-1","session-expiry","rep-1",216633,3224,17677,198956,17659,216633,9,0,0,"view",9,11.62147,17,0,0,1,3,37,1290,1327,1,"",0,"worker/src/services/session.ts(711) worker/src/routes/action.ts(412) worker/src/routes/session.ts(167) PRD.md(37)"
"complete-guided","baseline","iso-1","session-expiry","rep-2",297190,4390,19403,277787,19381,297190,11,0,0,"view",11,14.79539,20,0,0,2,3,1818,1303,3121,1,"",0,"docs/DEPLOYMENT_NOTES.md(1781) worker/src/services/session.ts(711) frontend/src/app/components/game-console/game-console.component.ts(425) worker/src/routes/session.ts(167) PRD.md(37)"
"complete-guided","baseline","iso-1","session-expiry","rep-3",221404,3162,18704,202700,18686,221404,9,0,0,"view",9,11.8911,15,0,0,0,4,0,4270,4270,1,"",0,"frontend/src/app/components/game-console/game-console.component.ts(2322) worker/src/routes/action.ts(1070) worker/src/services/session.ts(711) worker/src/routes/session.ts(167)"
"complete-guided","baseline","iso-1","shop-sell","rep-1",90073,1687,25172,64901,13217,68252,3,21821,1,"read_file",6,5.35203,18,0,0,0,4,0,5304,5304,1,"",0,"worker/src/db/seed.sql(1782) frontend/src/app/components/inventory/inventory.component.ts(1600) worker/src/routes/shop.ts(1163) frontend/src/app/components/inventory/inventory.component.spec.ts(759)"
"complete-guided","baseline","iso-1","shop-sell","rep-2",203290,2198,12200,191090,12182,203290,9,0,0,"view",9,9.0689,11,0,0,1,1,37,1128,1165,1,"",0,"worker/src/routes/shop.ts(1128) PRD.md(37)"
"complete-guided","baseline","iso-1","shop-sell","rep-3",107958,1115,10138,97820,10128,107958,5,0,0,"view",5,5.6054,6,0,0,0,1,0,1128,1128,1,"",0,"worker/src/routes/shop.ts(1128)"
"complete-guided","baseline","iso-1","starting-gear","rep-1",333880,2877,18632,315248,18606,333880,13,0,0,"view",13,13.83866,13,0,0,0,3,0,4238,4238,1,"",0,"worker/src/db/seed.sql(1747) worker/src/services/character.ts(1465) worker/migrations/0001_initial_schema.sql(1026)"
"complete-guided","baseline","iso-1","starting-gear","rep-2",297129,2531,16125,281004,16101,297129,12,0,0,"view",12,12.18113,12,0,0,0,2,0,3212,3212,1,"",0,"worker/src/db/seed.sql(1747) worker/src/services/character.ts(1465)"
"complete-guided","baseline","iso-1","starting-gear","rep-3",208203,2660,14998,193205,14980,208203,9,0,0,"view",9,10.2727,8,0,0,0,2,0,3212,3212,1,"",0,"worker/src/db/seed.sql(1747) worker/src/services/character.ts(1465)"
"research-v1","v1","iso-1","ai-fallback","rep-1",69645,1269,24485,45160,12279,46510,2,23135,1,"read_file",5,4.35509,17,0,0,2,1,1905,3015,4920,0.8,"choices",0,"worker/src/services/ai-dm.ts(3015) code.md(1232) worker/src/services/ai-dm.md(673)"
"research-v1","v1","iso-1","ai-fallback","rep-2",77010,1605,24774,52236,13379,47610,2,29400,1,"view",6,4.68509,25,0,0,0,0,0,0,0,0.8,"choices",0,""
"research-v1","v1","iso-1","ai-fallback","rep-3",149458,2254,33693,115765,14487,101977,4,47481,1,"read_file",8,6.67499,27,0,0,4,2,4793,4320,9113,0.8,"choices",0,"worker/src/services/ai-dm.ts(3764) AGENTS.md(2300) code.md(1232) worker/src/services/ai-dm.md(673) worker/src/types/index.md(588)"
"research-v1","v1","iso-1","combat-round","rep-1",71702,1404,25312,46390,13535,47782,2,23920,1,"read_file",5,4.98541,11,0,0,1,3,1232,3803,5035,1,"",0,"worker/src/services/combat.ts(2086) code.md(1232) worker/src/routes/combat.ts(1165) worker/src/services/dice.ts(552)"
"research-v1","v1","iso-1","combat-round","rep-2",84455,1716,32569,51886,13475,47723,2,36732,1,"read_file",5,5.04743,17,0,0,7,1,6951,2086,9037,1,"",0,"PRD.md(2686) worker/src/services/combat.ts(2086) code.md(1232) SETUP.md(940) worker/src/services/ai-dm.md(673)"
"research-v1","v1","iso-1","combat-round","rep-3",107265,1949,30946,76319,14134,74193,3,33072,1,"read_file",6,5.93076,18,0,0,3,5,4523,5904,10427,1,"",0,"PRD.md(2686) worker/src/routes/combat.ts(2290) worker/src/services/combat.ts(1871) code.md(1232) frontend/src/app/components/game-console/game-console.component.ts(1006)"
"research-v1","v1","iso-1","cors-origin","rep-1",63310,1008,18982,44328,10140,44357,2,18953,1,"read_file",5,3.66006,17,0,0,3,1,2595,603,3198,1,"",0,"code.md(1232) SETUP.md(940) worker/src/index.ts(603) worker/src/index.md(423)"
"research-v1","v1","iso-1","cors-origin","rep-2",66253,1052,20271,45982,9736,43950,2,22303,1,"read_file",5,3.561,17,0,0,3,1,4668,603,5271,1,"",0,"PRD.md(2686) code.md(1232) docs/DEPLOYMENT_NOTES.md(750) worker/src/index.ts(603)"
"research-v1","v1","iso-1","cors-origin","rep-3",62045,1172,18777,43268,10279,44498,2,17547,1,"read_file",5,3.79885,17,2,0,3,1,2405,603,3008,1,"",0,"code.md(1232) docs/DEPLOYMENT_NOTES.md(750) worker/src/index.ts(603) worker/src/index.md(423)"
"research-v1","v1","iso-1","inventory-dialog","rep-1",71195,1368,26532,44663,13713,47932,2,23263,1,"read_file",5,4.70735,17,0,0,2,6,1369,5610,6979,0.8333333333333334,"MatDialog",0,"frontend/src/app/components/inventory/inventory.component.ts(1604) worker/src/routes/character.ts(1541) frontend/src/app/components/game-console/game-console.component.md(838) frontend/src/app/components/inventory/inventory.component.spec.ts(763) worker/src/services/character.ts(697)"
"research-v1","v1","iso-1","inventory-dialog","rep-2",68561,1305,22873,45688,13492,47713,2,20848,1,"read_file",5,4.76514,13,0,0,0,5,0,3330,3330,0.8333333333333334,"MatDialog",0,"frontend/src/app/components/inventory/inventory.component.ts(1655) worker/src/services/character.ts(561) frontend/src/app/components/game-console/game-console.component.spec.ts(474) frontend/src/app/services/game-api.service.ts(362) frontend/src/app/components/game-console/game-console.component.ts(278)"
"research-v1","v1","iso-1","inventory-dialog","rep-3",67182,1410,22640,44542,12183,46405,2,20777,1,"read_file",5,4.38391,17,0,0,3,4,1473,3807,5280,0.8333333333333334,"MatDialog",0,"worker/src/routes/character.ts(1541) frontend/src/app/components/inventory/inventory.component.ts(1525) frontend/src/app/components/game-console/game-console.component.md(838) worker/src/services/character.md(579) frontend/src/app/services/game-api.service.ts(463)"
"research-v1","v1","iso-1","level-up-flow","rep-1",198009,2626,33585,164424,17158,166942,6,31067,1,"read_file",9,9.13834,21,0,0,2,6,3918,3915,7833,1,"",0,"PRD.md(2686) worker/src/services/character.ts(1506) code.md(1232) frontend/src/app/services/character-state.service.ts(693) worker/src/routes/levelup.ts(600)"
"research-v1","v1","iso-1","level-up-flow","rep-2",199059,2795,36780,162279,16426,162603,6,36456,1,"read_file",9,8.9892,22,0,0,4,6,4894,4121,9015,0.8333333333333334,"+2",0,"PRD.md(2686) worker/src/services/character.ts(1506) frontend/src/app/services/character-state.service.ts(1340) code.md(1232) worker/src/routes/levelup.ts(600)"
"research-v1","v1","iso-1","level-up-flow","rep-3",79882,1927,29425,50457,13377,47604,2,32278,1,"read_file",5,4.92451,21,0,0,3,7,6218,3363,9581,1,"",0,"PRD.md(2686) AGENTS.md(2300) code.md(1232) frontend/src/app/services/character-state.service.ts(693) frontend/src/app/services/game-api.service.ts(688)"
"research-v1","v1","iso-1","local-login","rep-1",122243,2132,31977,90266,12227,72005,3,50238,1,"read_file",7,5.33339,27,0,0,5,6,5555,5197,10752,0.8,"authGuard",0,"PRD.md(2686) worker/src/routes/character.ts(1541) worker/src/services/character.ts(1506) code.md(1232) SETUP.md(940)"
"research-v1","v1","iso-1","local-login","rep-2",129977,2372,35338,94639,12810,72583,3,57394,1,"read_file",7,5.62204,33,0,0,7,4,8364,1930,10294,0.8,"no password",0,"PRD.md(2686) AGENTS.md(2300) code.md(1232) SETUP.md(940) frontend/src/app/services/auth.service.ts(666)"
"research-v1","v1","iso-1","local-login","rep-3",82596,1896,26632,55964,12320,46544,2,36052,1,"read_file",6,4.6392,25,0,0,2,5,1777,2824,4601,1,"",0,"code.md(1232) worker/src/services/session.ts(751) worker/src/services/character.ts(750) frontend/src/app/services/auth.service.ts(666) worker/migrations/0001_initial_schema.md(545)"
"research-v1","v1","iso-1","log-pagination","rep-1",75014,1474,26092,48922,11141,45382,2,29632,1,"read_file",5,4.21579,17,0,0,1,3,2686,1758,4444,1,"",0,"PRD.md(2686) frontend/src/app/services/game-api.service.ts(766) frontend/src/app/components/game-console/game-console.component.ts(685) worker/src/routes/log.ts(307)"
"research-v1","v1","iso-1","log-pagination","rep-2",75527,2257,23577,51950,11566,45815,2,29712,1,"read_file",6,4.3392,31,0,0,3,3,1806,1309,3115,1,"",0,"frontend/src/app/components/game-console/game-console.component.md(838) frontend/src/app/components/game-console/game-console.component.ts(685) frontend/src/app/services/game-api.service.md(666) frontend/src/app/components/game-console/game-console.component.html(317) worker/src/routes/log.ts(307)"
"research-v1","v1","iso-1","log-pagination","rep-3",71559,1421,24158,47401,12917,47163,2,24396,1,"read_file",5,4.60089,17,0,0,2,1,2988,307,3295,1,"",0,"PRD.md(2686) worker/src/routes/log.ts(307) worker/src/routes/log.md(302)"
"research-v1","v1","iso-1","rest-endpoint-plan","rep-1",385879,5483,40840,345039,31186,365668,12,20211,1,"read_file",15,19.29846,41,0,0,2,9,1082,10417,11499,1,"",0,"frontend/src/app/components/game-console/game-console.component.ts(2322) worker/src/routes/shop.ts(2296) worker/src/services/character.ts(1465) frontend/src/app/services/game-api.service.ts(1224) worker/migrations/0001_initial_schema.sql(1026)"
"research-v1","v1","iso-1","rest-endpoint-plan","rep-2",415899,5547,38360,377539,38334,415899,13,0,0,"view",13,22.68648,27,0,0,0,11,0,15044,15044,1,"",0,"worker/src/services/ai-dm.ts(3638) frontend/src/app/components/game-console/game-console.component.ts(2322) worker/src/services/character.ts(1465) worker/src/types/index.ts(1180) frontend/src/app/services/game-api.service.ts(1179)"
"research-v1","v1","iso-1","rest-endpoint-plan","rep-3",241512,3869,27229,214283,27211,241512,9,0,0,"view",9,14.96101,22,0,0,0,9,0,9871,9871,1,"",0,"frontend/src/app/components/game-console/game-console.component.ts(2322) worker/src/services/character.ts(1465) worker/src/types/index.ts(1180) frontend/src/app/services/game-api.service.ts(1179) worker/src/routes/shop.ts(1128)"
"research-v1","v1","iso-1","session-expiry","rep-1",122652,2937,35852,86800,16339,74333,3,48319,2,"read_file",10,6.66671,42,14,0,2,4,747,4556,5303,1,"",0,"frontend/src/app/components/game-console/game-console.component.ts(2374) frontend/src/app/services/game-api.service.ts(1224) worker/src/services/session.ts(751) worker/src/services/session.md(481) worker/src/routes/session.md(266)"
"research-v1","v1","iso-1","session-expiry","rep-2",180270,2389,28574,151696,17209,156827,6,23443,1,"read_file",9,8.90377,20,0,0,3,4,1257,5903,7160,1,"",0,"frontend/src/app/components/game-console/game-console.component.ts(4219) frontend/src/app/services/game-api.service.ts(766) worker/src/services/session.ts(751) worker/src/routes/action.md(510) worker/src/services/session.md(481)"
"research-v1","v1","iso-1","session-expiry","rep-3",68066,1937,23331,44735,13251,47492,2,20574,1,"read_file",5,5.02229,21,0,0,3,2,1585,958,2543,1,"",0,"frontend/src/app/components/game-console/game-console.component.md(838) worker/src/services/session.ts(751) worker/src/services/session.md(481) worker/src/routes/session.md(266) worker/src/routes/session.ts(207)"
"research-v1","v1","iso-1","shop-sell","rep-1",71620,1319,26551,45069,14619,48854,2,22766,1,"read_file",5,4.94917,17,0,0,4,3,2752,3717,6469,1,"",0,"worker/src/db/seed.sql(1786) code.md(1232) worker/src/routes/shop.ts(1168) frontend/src/app/components/inventory/inventory.component.spec.ts(763) worker/src/services/character.md(579)"
"research-v1","v1","iso-1","shop-sell","rep-2",68756,1538,23934,44822,13213,47445,2,21311,1,"read_file",5,4.82961,17,0,0,3,2,2336,2421,4757,1,"",0,"worker/src/db/seed.sql(1786) code.md(1232) worker/src/routes/shop.ts(635) worker/src/services/character.md(579) worker/src/db/seed.md(525)"
"research-v1","v1","iso-1","shop-sell","rep-3",166873,2070,36212,130661,17057,131338,5,35535,1,"read_file",8,7.81067,24,0,0,6,3,8099,6207,14306,1,"",0,"worker/src/db/seed.sql(3533) PRD.md(2686) AGENTS.md(2300) worker/src/services/character.ts(1506) code.md(1232)"
"research-v1","v1","iso-1","starting-gear","rep-1",70632,1644,19261,51371,10003,44224,2,26408,1,"read_file",6,4.19989,16,0,0,3,1,2252,685,2937,0.8,"seed.sql",0,"code.md(1232) worker/src/services/character.ts(685) worker/src/services/character.md(579) worker/src/db/seed.md(441)"
"research-v1","v1","iso-1","starting-gear","rep-2",232813,2659,15113,217700,15093,232813,10,0,0,"view",10,10.79025,9,0,0,0,2,0,3212,3212,1,"",0,"worker/src/db/seed.sql(1747) worker/src/services/character.ts(1465)"
"research-v1","v1","iso-1","starting-gear","rep-3",74059,1045,21327,52732,10251,44470,2,29589,1,"read_file",6,3.63385,16,0,0,4,1,5301,1065,6366,1,"",0,"PRD.md(2965) code.md(1232) worker/src/services/character.ts(1065) worker/src/services/character.md(579) worker/src/db/seed.md(525)"
"research-v1-guided","v1","iso-1","ai-fallback","rep-1",155996,1322,19725,136271,19713,155996,6,0,0,"view",6,8.97807,5,0,0,3,1,4153,3638,7791,0.8,"choices",0,"worker/src/services/ai-dm.ts(3638) AGENTS.md(2323) code.md(1197) worker/src/services/ai-dm.md(633)"
"research-v1-guided","v1","iso-1","ai-fallback","rep-2",208739,1552,20094,188645,20078,208739,8,0,0,"view",8,10.3476,7,0,0,3,1,4153,3638,7791,1,"",0,"worker/src/services/ai-dm.ts(3638) AGENTS.md(2323) code.md(1197) worker/src/services/ai-dm.md(633)"
"research-v1-guided","v1","iso-1","ai-fallback","rep-3",210161,1571,19376,190785,19360,210161,8,0,0,"view",8,10.2299,7,0,0,2,1,2956,3638,6594,0.8,"choices",0,"worker/src/services/ai-dm.ts(3638) AGENTS.md(2323) worker/src/services/ai-dm.md(633)"
"research-v1-guided","v1","iso-1","combat-round","rep-1",154218,1495,16486,137732,16474,154218,6,0,0,"view",6,8.37054,7,0,0,6,0,5455,0,5455,1,"",0,"AGENTS.md(2323) code.md(1197) worker/src/services/ai-dm.md(633) worker/src/services/combat.md(565) worker/src/routes/combat.md(469)"
"research-v1-guided","v1","iso-1","combat-round","rep-2",165135,1714,20391,144744,20379,165135,6,0,0,"view",6,9.70603,8,0,0,6,1,5611,2046,7657,1,"",0,"AGENTS.md(2323) worker/src/services/combat.ts(2046) code.md(1197) frontend/src/app/components/game-console/game-console.component.md(789) worker/src/services/combat.md(565)"
"research-v1-guided","v1","iso-1","combat-round","rep-3",216973,1788,18862,198111,18846,216973,8,0,0,"view",8,10.46492,8,1,0,4,1,4554,2046,6600,1,"",0,"AGENTS.md(2323) worker/src/services/combat.ts(2046) code.md(1197) worker/src/services/combat.md(565) worker/src/routes/combat.md(469)"
"research-v1-guided","v1","iso-1","cors-origin","rep-1",120013,915,12797,107216,12787,120013,5,0,0,"view",5,6.25807,5,0,0,2,1,2708,565,3273,1,"",0,"AGENTS.md(2323) worker/src/index.ts(565) worker/src/index.md(385)"
"research-v1-guided","v1","iso-1","cors-origin","rep-2",203331,1285,14925,188406,14909,203331,8,0,0,"view",8,8.78357,7,0,0,3,1,3905,565,4470,1,"",0,"AGENTS.md(2323) code.md(1197) worker/src/index.ts(565) worker/src/index.md(385)"
"research-v1-guided","v1","iso-1","cors-origin","rep-3",147121,1470,13619,133502,13607,147121,6,0,0,"view",6,7.54419,8,0,0,2,1,2708,565,3273,1,"",0,"AGENTS.md(2323) worker/src/index.ts(565) worker/src/index.md(385)"
"research-v1-guided","v1","iso-1","inventory-dialog","rep-1",263269,1669,16729,246540,16709,263269,10,0,0,"view",10,10.78105,9,0,0,5,0,5414,0,5414,0.8333333333333334,"openInventory",0,"AGENTS.md(2323) code.md(1197) frontend/src/app/components/game-console/game-console.component.md(789) frontend/src/app/services/game-api.service.md(622) frontend/src/app/components/inventory/inventory.component.md(483)"
"research-v1-guided","v1","iso-1","inventory-dialog","rep-2",174343,1311,14445,159898,14431,174343,7,0,0,"view",7,8.11951,6,0,0,3,0,3595,0,3595,0.8333333333333334,"MatDialog",0,"AGENTS.md(2323) frontend/src/app/components/game-console/game-console.component.md(789) frontend/src/app/components/inventory/inventory.component.md(483)"
"research-v1-guided","v1","iso-1","inventory-dialog","rep-3",232079,1621,15577,216502,15559,232079,9,0,0,"view",9,9.84439,8,0,0,4,0,4217,0,4217,1,"",0,"AGENTS.md(2323) frontend/src/app/components/game-console/game-console.component.md(789) frontend/src/app/services/game-api.service.md(622) frontend/src/app/components/inventory/inventory.component.md(483)"
"research-v1-guided","v1","iso-1","level-up-flow","rep-1",381585,3074,23772,357813,23746,381585,13,0,0,"view",13,16.17196,15,0,0,8,2,6535,2026,8561,0.8333333333333334,"+2",0,"AGENTS.md(2323) worker/src/services/character.ts(1465) code.md(1197) frontend/src/app/components/game-console/game-console.component.md(789) frontend/src/app/services/game-api.service.md(622)"
"research-v1-guided","v1","iso-1","level-up-flow","rep-2",177517,1793,15502,162015,15488,177517,7,0,0,"view",7,8.9081,7,0,0,3,1,3218,393,3611,1,"",0,"AGENTS.md(2323) worker/src/services/character.md(538) frontend/src/app/components/game-console/game-console.component.ts(393) worker/src/routes/levelup.md(357)"
"research-v1-guided","v1","iso-1","level-up-flow","rep-3",319378,3077,23253,296125,23231,319378,11,0,0,"view",11,14.81165,16,0,0,8,1,6535,561,7096,0.8333333333333334,"+2",0,"AGENTS.md(2323) code.md(1197) frontend/src/app/components/game-console/game-console.component.md(789) frontend/src/app/services/game-api.service.md(622) worker/src/routes/levelup.ts(561)"
"research-v1-guided","v1","iso-1","local-login","rep-1",157398,1702,16975,140423,16963,157398,6,0,0,"view",6,8.75361,8,0,0,6,1,5008,623,5631,0.8,"no password",0,"AGENTS.md(2323) code.md(1197) frontend/src/app/services/auth.service.ts(623) worker/src/services/session.md(441) frontend/src/app/models/game.models.md(439)"
"research-v1-guided","v1","iso-1","local-login","rep-2",155856,1757,17667,138189,17655,155856,6,0,0,"view",6,8.93693,9,0,0,6,2,5008,1103,6111,0.8,"authGuard",0,"AGENTS.md(2323) code.md(1197) frontend/src/app/services/auth.service.ts(623) frontend/src/app/components/login/login.component.ts(480) worker/src/services/session.md(441)"
"research-v1-guided","v1","iso-1","local-login","rep-3",126476,1278,14873,111603,14863,126476,5,0,0,"view",5,7.22781,5,0,0,4,1,4128,623,4751,0.8,"authGuard",0,"AGENTS.md(2323) code.md(1197) frontend/src/app/services/auth.service.ts(623) frontend/src/app/services/auth.service.md(370) frontend/src/app/components/login/login.component.md(238)"
"research-v1-guided","v1","iso-1","log-pagination","rep-1",318843,2103,18806,300037,18782,318843,12,0,0,"view",12,12.80404,12,0,0,3,2,3375,2591,5966,1,"",0,"AGENTS.md(2323) frontend/src/app/components/game-console/game-console.component.ts(2322) frontend/src/app/components/game-console/game-console.component.md(789) worker/src/routes/log.ts(269) worker/src/routes/log.md(263)"
"research-v1-guided","v1","iso-1","log-pagination","rep-2",274854,2175,20818,254036,20798,274854,10,0,0,"view",10,12.45922,11,0,0,5,1,5194,2322,7516,1,"",0,"AGENTS.md(2323) frontend/src/app/components/game-console/game-console.component.ts(2322) code.md(1197) frontend/src/app/components/game-console/game-console.component.md(789) frontend/src/app/services/game-api.service.md(622)"
"research-v1-guided","v1","iso-1","log-pagination","rep-3",265287,2154,18578,246709,18558,265287,10,0,0,"view",10,11.73168,10,0,0,3,2,3375,2591,5966,1,"",0,"AGENTS.md(2323) frontend/src/app/components/game-console/game-console.component.ts(2322) frontend/src/app/components/game-console/game-console.component.md(789) worker/src/routes/log.ts(269) worker/src/routes/log.md(263)"
"research-v1-guided","v1","iso-1","rest-endpoint-plan","rep-1",134748,2916,20444,114304,20434,134748,5,0,0,"view",5,10.31258,10,0,0,10,0,7649,0,7649,1,"",0,"AGENTS.md(2323) code.md(1197) frontend/src/app/components/game-console/game-console.component.md(789) frontend/src/app/services/game-api.service.md(622) worker/src/types/index.md(546)"
"research-v1-guided","v1","iso-1","rest-endpoint-plan","rep-2",172959,2625,24611,148348,24599,172959,6,0,0,"view",6,11.74411,12,0,0,10,2,7644,2307,9951,1,"",0,"AGENTS.md(2323) code.md(1197) frontend/src/app/services/game-api.service.ts(1179) worker/src/routes/shop.ts(1128) frontend/src/app/components/game-console/game-console.component.md(789)"
"research-v1-guided","v1","iso-1","rest-endpoint-plan","rep-3",167951,2304,20550,147401,20538,167951,6,0,0,"view",6,10.38892,10,0,0,10,0,7644,0,7644,1,"",0,"AGENTS.md(2323) code.md(1197) frontend/src/app/components/game-console/game-console.component.md(789) frontend/src/app/services/game-api.service.md(622) worker/src/types/index.md(546)"
"research-v1-guided","v1","iso-1","session-expiry","rep-1",420025,2985,21721,398304,21693,420025,14,0,0,"view",14,16.37993,17,5,0,6,3,5598,2102,7700,1,"",0,"AGENTS.md(2323) frontend/src/app/components/game-console/game-console.component.ts(1224) code.md(1197) frontend/src/app/components/game-console/game-console.component.md(789) worker/src/services/session.ts(711)"
"research-v1-guided","v1","iso-1","session-expiry","rep-2",281558,2403,18615,262943,18595,281558,10,0,0,"view",10,12.31461,12,3,0,5,2,4976,878,5854,1,"",0,"AGENTS.md(2323) code.md(1197) frontend/src/app/components/game-console/game-console.component.md(789) worker/src/services/session.ts(711) worker/src/services/session.md(441)"
"research-v1-guided","v1","iso-1","session-expiry","rep-3",266473,3029,28194,238279,21506,250695,9,15778,1,"read_file",12,12.42552,22,3,0,5,3,4976,2870,7846,1,"",0,"AGENTS.md(2323) frontend/src/app/components/game-console/game-console.component.ts(1897) code.md(1197) frontend/src/app/components/game-console/game-console.component.md(789) frontend/src/app/services/game-api.service.ts(766)"
"research-v1-guided","v1","iso-1","shop-sell","rep-1",173930,1475,14244,159686,14230,173930,7,0,0,"view",7,8.22902,6,0,0,2,1,2700,1128,3828,1,"",0,"AGENTS.md(2323) worker/src/routes/shop.ts(1128) worker/src/routes/shop.md(377)"
"research-v1-guided","v1","iso-1","shop-sell","rep-2",301016,2088,17179,283837,17157,301016,11,0,0,"view",11,12.05839,10,0,0,3,2,3897,1271,5168,1,"",0,"AGENTS.md(2323) code.md(1197) worker/src/routes/shop.ts(1128) worker/src/routes/shop.md(377) worker/src/db/seed.sql(143)"
"research-v1-guided","v1","iso-1","shop-sell","rep-3",426729,2807,20467,406262,20437,426729,15,0,0,"view",15,16.04749,14,1,0,5,2,4885,1716,6601,1,"",0,"AGENTS.md(2323) code.md(1197) worker/src/routes/shop.ts(1128) worker/src/db/seed.sql(588) worker/migrations/0001_initial_schema.md(501)"
"research-v1-guided","v1","iso-1","starting-gear","rep-1",320725,2174,21336,299389,21314,320725,11,0,0,"view",11,13.49468,10,1,0,3,1,4058,663,4721,1,"",0,"AGENTS.md(2323) code.md(1197) worker/src/db/seed.sql(663) worker/src/services/character.md(538)"
"research-v1-guided","v1","iso-1","starting-gear","rep-2",295939,2516,17019,278920,16997,295939,11,0,0,"view",11,12.34805,11,0,0,4,0,4545,0,4545,1,"",0,"AGENTS.md(2323) code.md(1197) worker/src/services/character.md(538) worker/src/db/seed.md(487)"
"research-v1-guided","v1","iso-1","starting-gear","rep-3",267401,2325,17888,249513,17868,267401,10,0,0,"view",10,11.78626,10,0,0,4,0,4545,0,4545,1,"",0,"AGENTS.md(2323) code.md(1197) worker/src/services/character.md(538) worker/src/db/seed.md(487)"
"research-v2","v2","iso-1","ai-fallback","rep-1",71123,853,12218,58905,12212,71123,3,0,0,"view",3,5.0853,2,0,0,1,1,680,1483,2163,0.8,"choices",0,"worker/src/services/ai-dm.ts(1483) worker/src/services/ai-dm.md(680)"
"research-v2","v2","iso-1","ai-fallback","rep-2",143926,1165,12686,131240,12674,143926,6,0,0,"view",6,6.9607,5,0,0,1,1,680,1490,2170,0.8,"choices",0,"worker/src/services/ai-dm.ts(1490) worker/src/services/ai-dm.md(680)"
"research-v2","v2","iso-1","ai-fallback","rep-3",98820,980,13930,84890,13922,98820,4,0,0,"view",4,6.1599,3,0,0,1,1,680,2484,3164,0.8,"choices",0,"worker/src/services/ai-dm.ts(2484) worker/src/services/ai-dm.md(680)"
"research-v2","v2","iso-1","combat-round","rep-1",46582,872,10946,35636,10942,46582,2,0,0,"view",2,4.32102,2,0,0,2,0,1333,0,1333,1,"",0,"docs/flows/combat.md(721) worker/src/services/combat.md(612)"
"research-v2","v2","iso-1","combat-round","rep-2",46579,767,10945,35634,10941,46579,2,0,0,"view",2,4.21573,2,0,0,2,0,1333,0,1333,1,"",0,"docs/flows/combat.md(721) worker/src/services/combat.md(612)"
"research-v2","v2","iso-1","combat-round","rep-3",46593,895,10954,35639,10950,46593,2,0,0,"view",2,4.34608,2,0,0,2,0,1333,0,1333,1,"",0,"docs/flows/combat.md(721) worker/src/services/combat.md(612)"
"research-v2","v2","iso-1","cors-origin","rep-1",70742,687,12373,58369,12367,70742,3,0,0,"view",3,4.94733,3,0,0,2,0,2166,0,2166,1,"",0,"docs/DEPLOYMENT_NOTES.md(1781) worker/src/index.md(385)"
"research-v2","v2","iso-1","cors-origin","rep-2",91801,698,10378,81423,10370,91801,4,0,0,"view",4,4.92056,3,0,0,1,1,385,565,950,1,"",0,"worker/src/index.ts(565) worker/src/index.md(385)"
"research-v2","v2","iso-1","cors-origin","rep-3",91772,677,10375,81397,10367,91772,4,0,0,"view",4,4.89829,3,0,0,1,1,385,565,950,1,"",0,"worker/src/index.ts(565) worker/src/index.md(385)"
"research-v2","v2","iso-1","inventory-dialog","rep-1",45129,477,9516,35613,9512,45129,2,0,0,"view",2,3.56806,1,0,0,1,0,638,0,638,1,"",0,"docs/flows/inventory.md(638)"
"research-v2","v2","iso-1","inventory-dialog","rep-2",45108,495,9503,35605,9499,45108,2,0,0,"view",2,3.58265,1,0,0,1,0,638,0,638,1,"",0,"docs/flows/inventory.md(638)"
"research-v2","v2","iso-1","inventory-dialog","rep-3",45122,531,9508,35614,9504,45122,2,0,0,"view",2,3.62008,1,0,0,1,0,638,0,638,1,"",0,"docs/flows/inventory.md(638)"
"research-v2","v2","iso-1","level-up-flow","rep-1",45122,798,9504,35618,9500,45122,2,0,0,"view",2,3.88616,1,0,0,1,0,649,0,649,1,"",0,"docs/flows/level-up.md(649)"
"research-v2","v2","iso-1","level-up-flow","rep-2",45113,839,9494,35619,9490,45113,2,0,0,"view",2,3.92468,1,0,0,1,0,649,0,649,1,"",0,"docs/flows/level-up.md(649)"
"research-v2","v2","iso-1","level-up-flow","rep-3",45112,761,9494,35618,9490,45112,2,0,0,"view",2,3.84666,1,0,0,1,0,649,0,649,1,"",0,"docs/flows/level-up.md(649)"
"research-v2","v2","iso-1","local-login","rep-1",45789,709,10175,35614,10171,45789,2,0,0,"view",2,3.96483,2,0,0,2,0,1011,0,1011,1,"",0,"docs/flows/resume-session.md(590) frontend/src/app/services/auth.service.md(421)"
"research-v2","v2","iso-1","local-login","rep-2",71469,1202,11872,59597,11866,71469,3,0,0,"view",3,5.36164,4,0,0,2,1,1011,450,1461,1,"",0,"docs/flows/resume-session.md(590) frontend/src/app/services/auth.service.ts(450) frontend/src/app/services/auth.service.md(421)"
"research-v2","v2","iso-1","local-login","rep-3",70343,934,10838,59505,10832,70343,3,0,0,"view",3,4.8333,3,0,0,3,0,1298,0,1298,0.8,"no password",0,"docs/flows/resume-session.md(590) frontend/src/app/services/auth.service.md(421) frontend/src/app/components/login/login.component.md(287)"
"research-v2","v2","iso-1","log-pagination","rep-1",123780,1333,12995,110785,12985,123780,5,0,0,"view",5,6.79695,6,0,0,2,2,1150,490,1640,1,"",0,"frontend/src/app/components/game-console/game-console.component.md(867) worker/src/routes/log.md(283) worker/src/routes/log.ts(269) frontend/src/app/components/game-console/game-console.component.ts(221)"
"research-v2","v2","iso-1","log-pagination","rep-2",123877,1307,13023,110854,13013,123877,5,0,0,"view",5,6.77933,6,0,0,2,2,1150,490,1640,1,"",0,"frontend/src/app/components/game-console/game-console.component.md(867) worker/src/routes/log.md(283) worker/src/routes/log.ts(269) frontend/src/app/components/game-console/game-console.component.ts(221)"
"research-v2","v2","iso-1","log-pagination","rep-3",97435,1166,12768,84667,12760,97435,4,0,0,"view",4,6.05094,5,0,0,2,2,1150,490,1640,1,"",0,"frontend/src/app/components/game-console/game-console.component.md(867) worker/src/routes/log.md(283) worker/src/routes/log.ts(269) frontend/src/app/components/game-console/game-console.component.ts(221)"
"research-v2","v2","iso-1","rest-endpoint-plan","rep-1",83224,1748,18430,64794,18424,83224,3,0,0,"view",3,7.65108,8,0,0,8,0,5196,0,5196,1,"",0,"frontend/src/app/components/game-console/game-console.component.md(867) worker/src/types/index.md(741) frontend/src/app/services/game-api.service.md(711) docs/flows/add-endpoint.md(694) worker/src/services/character.md(679)"
"research-v2","v2","iso-1","rest-endpoint-plan","rep-2",51108,1355,15462,35646,15458,51108,2,0,0,"view",2,5.93322,6,0,0,6,0,3650,0,3650,1,"",0,"worker/src/types/index.md(741) frontend/src/app/services/game-api.service.md(711) docs/flows/add-endpoint.md(694) docs/flows/inventory.md(638) frontend/src/app/services/character-state.service.md(481)"
"research-v2","v2","iso-1","rest-endpoint-plan","rep-3",82769,1766,18737,64032,18731,82769,3,0,0,"view",3,7.73059,8,0,0,8,0,5252,0,5252,1,"",0,"frontend/src/app/components/game-console/game-console.component.md(867) worker/src/types/index.md(741) frontend/src/app/services/game-api.service.md(711) docs/flows/add-endpoint.md(694) worker/src/services/character.md(679)"
"research-v2","v2","iso-1","session-expiry","rep-1",69732,1034,11068,58664,11062,69732,3,0,0,"view",3,4.97398,3,0,0,1,2,590,878,1468,1,"",0,"worker/src/services/session.ts(711) docs/flows/resume-session.md(590) worker/src/routes/session.ts(167)"
"research-v2","v2","iso-1","session-expiry","rep-2",45029,720,9396,35633,9392,45029,2,0,0,"view",2,3.78146,1,0,0,1,0,590,0,590,1,"",0,"docs/flows/resume-session.md(590)"
"research-v2","v2","iso-1","session-expiry","rep-3",68442,888,9771,58671,9765,68442,3,0,0,"view",3,4.50387,2,0,0,1,1,590,167,757,1,"",0,"docs/flows/resume-session.md(590) worker/src/routes/session.ts(167)"
"research-v2","v2","iso-1","shop-sell","rep-1",205685,2074,14117,191568,14101,205685,8,0,0,"view",8,9.43381,9,2,0,2,1,1037,1128,2165,1,"",0,"worker/src/routes/shop.ts(1128) docs/flows/inventory.md(638) worker/src/routes/shop.md(399)"
"research-v2","v2","iso-1","shop-sell","rep-2",121920,1587,25185,96735,15468,101374,4,20546,1,"read_file",7,6.65056,14,0,0,3,2,1562,2914,4476,1,"",0,"worker/src/db/seed.sql(1786) worker/src/routes/shop.ts(1128) docs/flows/inventory.md(638) worker/src/db/seed.md(525) worker/src/routes/shop.md(399)"
"research-v2","v2","iso-1","shop-sell","rep-3",205167,1856,13996,191171,13980,205167,8,0,0,"view",8,9.17762,9,2,0,2,1,1037,1128,2165,1,"",0,"worker/src/routes/shop.ts(1128) docs/flows/inventory.md(638) worker/src/routes/shop.md(399)"
"research-v2","v2","iso-1","starting-gear","rep-1",45297,301,9685,35612,9681,45297,2,0,0,"view",2,3.43429,1,0,0,1,0,689,0,689,0.6,"CLASS_STARTING_ITEMS|seed.sql",0,"docs/flows/character-creation.md(689)"
"research-v2","v2","iso-1","starting-gear","rep-2",46339,440,10729,35610,10725,46339,2,0,0,"view",2,3.83425,2,0,0,2,0,1176,0,1176,1,"",0,"docs/flows/character-creation.md(689) worker/src/db/seed.md(487)"
"research-v2","v2","iso-1","starting-gear","rep-3",46349,411,10733,35616,10729,46349,2,0,0,"view",2,3.80637,2,0,0,2,0,1176,0,1176,1,"",0,"docs/flows/character-creation.md(689) worker/src/db/seed.md(487)"
"research-v2-noauto","v2","iso-1","ai-fallback","rep-1",141681,1318,12943,128738,12931,141681,6,0,0,"view",6,7.12791,5,0,0,2,1,1465,1602,3067,0.8,"choices",0,"worker/src/services/ai-dm.ts(1602) AGENTS.md(785) worker/src/services/ai-dm.md(680)"
"research-v2-noauto","v2","iso-1","ai-fallback","rep-2",92010,718,12331,79679,12323,92010,4,0,0,"view",4,5.39393,3,0,0,2,1,1465,1483,2948,0.8,"choices",0,"worker/src/services/ai-dm.ts(1483) AGENTS.md(785) worker/src/services/ai-dm.md(680)"
"research-v2-noauto","v2","iso-1","ai-fallback","rep-3",164169,1417,12925,151244,12911,164169,7,0,0,"view",7,7.67243,6,0,0,2,1,1465,1483,2948,0.8,"choices",0,"worker/src/services/ai-dm.ts(1483) AGENTS.md(785) worker/src/services/ai-dm.md(680)"
"research-v2-noauto","v2","iso-1","combat-round","rep-1",67422,986,11071,56351,11065,67422,3,0,0,"view",3,4.88047,3,0,0,3,0,2118,0,2118,1,"",0,"AGENTS.md(785) docs/flows/combat.md(721) worker/src/services/combat.md(612)"
"research-v2-noauto","v2","iso-1","combat-round","rep-2",67374,890,11050,56324,11044,67374,3,0,0,"view",3,4.77868,3,0,0,3,0,2118,0,2118,1,"",0,"AGENTS.md(785) docs/flows/combat.md(721) worker/src/services/combat.md(612)"
"research-v2-noauto","v2","iso-1","combat-round","rep-3",88418,1137,11202,77216,11194,88418,4,0,0,"view",4,5.48142,4,0,0,3,0,2118,0,2118,1,"",0,"AGENTS.md(785) docs/flows/combat.md(721) worker/src/services/combat.md(612)"
"research-v2-noauto","v2","iso-1","cors-origin","rep-1",136478,942,10763,125715,10751,136478,6,0,0,"view",6,6.14645,5,0,0,2,1,1170,565,1735,1,"",0,"AGENTS.md(785) worker/src/index.ts(565) worker/src/index.md(385)"
"research-v2-noauto","v2","iso-1","cors-origin","rep-2",112761,798,10478,102283,10468,112761,5,0,0,"view",5,5.46266,4,0,0,2,1,1170,565,1735,1,"",0,"AGENTS.md(785) worker/src/index.ts(565) worker/src/index.md(385)"
"research-v2-noauto","v2","iso-1","cors-origin","rep-3",112770,751,10486,102284,10476,112770,5,0,0,"view",5,5.41768,4,0,0,2,1,1170,565,1735,1,"",0,"AGENTS.md(785) worker/src/index.ts(565) worker/src/index.md(385)"
"research-v2-noauto","v2","iso-1","inventory-dialog","rep-1",65884,582,9608,56276,9602,65884,3,0,0,"view",3,4.10922,2,0,0,2,0,1423,0,1423,1,"",0,"AGENTS.md(785) docs/flows/inventory.md(638)"
"research-v2-noauto","v2","iso-1","inventory-dialog","rep-2",65879,598,9605,56274,9599,65879,3,0,0,"view",3,4.12443,2,0,0,2,0,1423,0,1423,1,"",0,"AGENTS.md(785) docs/flows/inventory.md(638)"
"research-v2-noauto","v2","iso-1","inventory-dialog","rep-3",65882,629,9606,56276,9600,65882,3,0,0,"view",3,4.15572,2,0,0,2,0,1423,0,1423,1,"",0,"AGENTS.md(785) docs/flows/inventory.md(638)"
"research-v2-noauto","v2","iso-1","level-up-flow","rep-1",65914,872,9609,56305,9603,65914,3,0,0,"view",3,4.40005,2,0,0,2,0,1434,0,1434,1,"",0,"AGENTS.md(785) docs/flows/level-up.md(649)"
"research-v2-noauto","v2","iso-1","level-up-flow","rep-2",65916,846,9610,56306,9604,65916,3,0,0,"view",3,4.37432,2,0,0,2,0,1434,0,1434,1,"",0,"AGENTS.md(785) docs/flows/level-up.md(649)"
"research-v2-noauto","v2","iso-1","level-up-flow","rep-3",65873,827,9591,56282,9585,65873,3,0,0,"view",3,4.35009,2,0,0,2,0,1434,0,1434,1,"",0,"AGENTS.md(785) docs/flows/level-up.md(649)"
"research-v2-noauto","v2","iso-1","local-login","rep-1",90047,993,10633,79414,10625,90047,4,0,0,"view",4,5.23913,4,0,0,2,1,1206,623,1829,0.8,"authGuard",0,"AGENTS.md(785) frontend/src/app/services/auth.service.ts(623) frontend/src/app/services/auth.service.md(421)"
"research-v2-noauto","v2","iso-1","local-login","rep-2",93610,1211,12419,81191,12411,93610,4,0,0,"view",4,5.93917,5,0,0,4,1,2277,623,2900,0.8,"authGuard",0,"AGENTS.md(785) frontend/src/app/services/auth.service.ts(623) docs/flows/resume-session.md(590) frontend/src/app/services/character-state.service.md(481) frontend/src/app/services/auth.service.md(421)"
"research-v2-noauto","v2","iso-1","local-login","rep-3",66630,877,10344,56286,10338,66630,3,0,0,"view",3,4.58842,3,0,0,3,0,1796,0,1796,0.8,"authGuard",0,"AGENTS.md(785) docs/flows/resume-session.md(590) frontend/src/app/services/auth.service.md(421)"
"research-v2-noauto","v2","iso-1","log-pagination","rep-1",205295,1808,16349,188946,16333,205295,8,0,0,"view",8,9.67337,9,0,0,4,1,2646,844,3490,1,"",0,"frontend/src/app/components/game-console/game-console.component.md(867) frontend/src/app/components/game-console/game-console.component.ts(844) AGENTS.md(785) frontend/src/app/services/game-api.service.md(711) worker/src/routes/log.md(283)"
"research-v2-noauto","v2","iso-1","log-pagination","rep-2",138528,1053,11606,126922,11594,138528,6,0,0,"view",6,6.49234,5,0,0,3,1,1935,204,2139,1,"",0,"frontend/src/app/components/game-console/game-console.component.md(867) AGENTS.md(785) worker/src/routes/log.md(283) frontend/src/app/components/game-console/game-console.component.ts(204)"
"research-v2-noauto","v2","iso-1","log-pagination","rep-3",218707,2071,13739,204968,13721,218707,9,0,0,"view",9,9.60421,10,0,0,2,2,1068,828,1896,1,"",0,"AGENTS.md(785) frontend/src/app/components/game-console/game-console.component.ts(559) worker/src/routes/log.md(283) worker/src/routes/log.ts(269)"
"research-v2-noauto","v2","iso-1","rest-endpoint-plan","rep-1",71285,1478,14929,56356,14923,71285,3,0,0,"view",3,6.33707,6,0,0,6,0,4106,0,4106,1,"",0,"AGENTS.md(785) worker/src/types/index.md(741) frontend/src/app/services/game-api.service.md(711) docs/flows/add-endpoint.md(694) docs/flows/inventory.md(638)"
"research-v2-noauto","v2","iso-1","rest-endpoint-plan","rep-2",67324,1230,10976,56348,10970,67324,3,0,0,"view",3,5.10066,3,0,0,3,0,2117,0,2117,1,"",0,"AGENTS.md(785) docs/flows/add-endpoint.md(694) docs/flows/inventory.md(638)"
"research-v2-noauto","v2","iso-1","rest-endpoint-plan","rep-3",71045,1441,14691,56354,14685,71045,3,0,0,"view",3,6.24053,6,0,0,6,0,3954,0,3954,1,"",0,"AGENTS.md(785) worker/src/types/index.md(741) frontend/src/app/services/game-api.service.md(711) docs/flows/add-endpoint.md(694) docs/flows/inventory.md(638)"
"research-v2-noauto","v2","iso-1","session-expiry","rep-1",90439,981,10995,79444,10987,90439,4,0,0,"view",4,5.31823,4,0,0,2,2,1375,760,2135,1,"",0,"AGENTS.md(785) worker/src/services/session.ts(593) docs/flows/resume-session.md(590) worker/src/routes/session.ts(167)"
"research-v2-noauto","v2","iso-1","session-expiry","rep-2",89290,839,9846,79444,9838,89290,4,0,0,"view",4,4.88898,3,0,0,2,1,1375,167,1542,1,"",0,"AGENTS.md(785) docs/flows/resume-session.md(590) worker/src/routes/session.ts(167)"
"research-v2-noauto","v2","iso-1","session-expiry","rep-3",89290,939,9843,79447,9835,89290,4,0,0,"view",4,4.98829,3,0,0,2,1,1375,167,1542,1,"",0,"AGENTS.md(785) docs/flows/resume-session.md(590) worker/src/routes/session.ts(167)"
"research-v2-noauto","v2","iso-1","shop-sell","rep-1",227051,1749,13732,213319,13714,227051,9,0,0,"view",9,9.44748,10,1,0,3,1,1822,1128,2950,1,"",0,"worker/src/routes/shop.ts(1128) AGENTS.md(785) docs/flows/inventory.md(638) worker/src/routes/shop.md(399)"
"research-v2-noauto","v2","iso-1","shop-sell","rep-2",227269,2161,13974,213295,13956,227269,9,0,0,"view",9,9.9195,9,0,0,3,1,1822,1128,2950,1,"",0,"worker/src/routes/shop.ts(1128) AGENTS.md(785) docs/flows/inventory.md(638) worker/src/routes/shop.md(399)"
"research-v2-noauto","v2","iso-1","shop-sell","rep-3",175720,1866,13937,161783,13923,175720,7,0,0,"view",7,8.58521,8,0,0,3,1,1910,1128,3038,1,"",0,"worker/src/routes/shop.ts(1128) AGENTS.md(785) docs/flows/inventory.md(638) worker/src/db/seed.md(487)"
"research-v2-noauto","v2","iso-1","starting-gear","rep-1",90883,576,11146,79737,11138,90883,4,0,0,"view",4,4.95684,3,0,0,3,0,2153,0,2153,0.8,"seed.sql",0,"AGENTS.md(785) docs/flows/character-creation.md(689) worker/src/services/character.md(679)"
"research-v2-noauto","v2","iso-1","starting-gear","rep-2",245933,2157,13927,232006,13907,245933,10,0,0,"view",10,10.27787,9,0,0,2,2,1474,1269,2743,1,"",0,"AGENTS.md(785) docs/flows/character-creation.md(689) worker/src/services/character.ts(681) worker/src/db/seed.sql(588)"
"research-v2-noauto","v2","iso-1","starting-gear","rep-3",66054,384,9776,56278,9770,66054,3,0,0,"view",3,3.95326,2,0,0,2,0,1474,0,1474,0.6,"CLASS_STARTING_ITEMS|seed.sql",0,"AGENTS.md(785) docs/flows/character-creation.md(689)"
"research-v3","v3","iso-1","ai-fallback","rep-1",98721,1030,13989,84732,13981,98721,4,0,0,"view",4,6.22149,3,0,0,1,1,680,2493,3173,0.8,"choices",0,"worker/src/services/ai-dm.ts(2493) worker/src/services/ai-dm.md(680)"
"research-v3","v3","iso-1","ai-fallback","rep-2",98693,927,13974,84719,13966,98693,4,0,0,"view",4,6.11448,3,0,0,1,1,680,2483,3163,0.8,"choices",0,"worker/src/services/ai-dm.ts(2483) worker/src/services/ai-dm.md(680)"
"research-v3","v3","iso-1","ai-fallback","rep-3",99580,920,13988,85592,13980,99580,4,0,0,"view",4,6.12844,3,0,0,1,1,680,2482,3162,1,"",0,"worker/src/services/ai-dm.ts(2482) worker/src/services/ai-dm.md(680)"
"research-v3","v3","iso-1","combat-round","rep-1",46694,775,11004,35690,11000,46694,2,0,0,"view",2,4.2396,2,0,0,2,0,1333,0,1333,1,"",0,"docs/flows/combat.md(721) worker/src/services/combat.md(612)"
"research-v3","v3","iso-1","combat-round","rep-2",46699,885,11007,35692,11003,46699,2,0,0,"view",2,4.35039,2,0,0,2,0,1333,0,1333,1,"",0,"docs/flows/combat.md(721) worker/src/services/combat.md(612)"
"research-v3","v3","iso-1","combat-round","rep-3",46689,830,11002,35687,10998,46689,2,0,0,"view",2,4.29404,2,0,0,2,0,1333,0,1333,1,"",0,"docs/flows/combat.md(721) worker/src/services/combat.md(612)"
"research-v3","v3","iso-1","cors-origin","rep-1",91999,699,10420,81579,10412,91999,4,0,0,"view",4,4.93518,3,0,0,1,1,385,565,950,1,"",0,"worker/src/index.ts(565) worker/src/index.md(385)"
"research-v3","v3","iso-1","cors-origin","rep-2",91954,667,10413,81541,10405,91954,4,0,0,"view",4,4.90067,3,0,0,1,1,385,565,950,1,"",0,"worker/src/index.ts(565) worker/src/index.md(385)"
"research-v3","v3","iso-1","cors-origin","rep-3",91979,711,10414,81565,10406,91979,4,0,0,"view",4,4.9454,3,0,0,1,1,385,565,950,1,"",0,"worker/src/index.ts(565) worker/src/index.md(385)"
"research-v3","v3","iso-1","inventory-dialog","rep-1",45234,487,9568,35666,9564,45234,2,0,0,"view",2,3.59212,1,0,0,1,0,638,0,638,1,"",0,"docs/flows/inventory.md(638)"
"research-v3","v3","iso-1","inventory-dialog","rep-2",45231,559,9565,35666,9561,45231,2,0,0,"view",2,3.66337,1,0,0,1,0,638,0,638,1,"",0,"docs/flows/inventory.md(638)"
"research-v3","v3","iso-1","inventory-dialog","rep-3",45237,477,9569,35668,9565,45237,2,0,0,"view",2,3.58241,1,0,0,1,0,638,0,638,1,"",0,"docs/flows/inventory.md(638)"
"research-v3","v3","iso-1","level-up-flow","rep-1",45215,809,9545,35670,9541,45215,2,0,0,"view",2,3.90845,1,0,0,1,0,649,0,649,1,"",0,"docs/flows/level-up.md(649)"
"research-v3","v3","iso-1","level-up-flow","rep-2",45218,669,9548,35670,9544,45218,2,0,0,"view",2,3.7692,1,0,0,1,0,649,0,649,1,"",0,"docs/flows/level-up.md(649)"
"research-v3","v3","iso-1","level-up-flow","rep-3",45219,875,9548,35671,9544,45219,2,0,0,"view",2,3.97522,1,0,0,1,0,649,0,649,1,"",0,"docs/flows/level-up.md(649)"
"research-v3","v3","iso-1","local-login","rep-1",45975,740,10301,35674,10297,45975,2,0,0,"view",2,4.02853,2,0,0,2,0,1011,0,1011,0.8,"authGuard",0,"docs/flows/resume-session.md(590) frontend/src/app/services/auth.service.md(421)"
"research-v3","v3","iso-1","local-login","rep-2",45989,767,10319,35670,10315,45989,2,0,0,"view",2,4.05995,2,0,0,2,0,1011,0,1011,1,"",0,"docs/flows/resume-session.md(590) frontend/src/app/services/auth.service.md(421)"
"research-v3","v3","iso-1","local-login","rep-3",46093,835,10421,35672,10417,46093,2,0,0,"view",2,4.15349,3,0,0,2,0,1011,0,1011,0.6,"authGuard|no password",0,"docs/flows/resume-session.md(590) frontend/src/app/services/auth.service.md(421)"
"research-v3","v3","iso-1","log-pagination","rep-1",97894,1245,13038,84856,13030,97894,4,0,0,"view",4,6.20122,5,0,0,2,2,1150,619,1769,1,"",0,"frontend/src/app/components/game-console/game-console.component.md(867) frontend/src/app/components/game-console/game-console.component.ts(350) worker/src/routes/log.md(283) worker/src/routes/log.ts(269)"
"research-v3","v3","iso-1","log-pagination","rep-2",148612,1374,13631,134981,13619,148612,6,0,0,"view",6,7.48077,7,0,0,3,2,1861,490,2351,1,"",0,"frontend/src/app/components/game-console/game-console.component.md(867) frontend/src/app/services/game-api.service.md(711) worker/src/routes/log.md(283) worker/src/routes/log.ts(269) frontend/src/app/components/game-console/game-console.component.ts(221)"
"research-v3","v3","iso-1","log-pagination","rep-3",123586,1308,14476,109110,14466,123586,5,0,0,"view",5,7.1087,6,0,0,3,1,1861,385,2246,1,"",0,"frontend/src/app/components/game-console/game-console.component.md(867) frontend/src/app/services/game-api.service.md(711) frontend/src/app/components/game-console/game-console.component.ts(385) worker/src/routes/log.md(283)"
"research-v3","v3","iso-1","rest-endpoint-plan","rep-1",105782,1710,16995,88787,16987,105782,4,0,0,"view",4,7.73409,7,0,0,7,0,4247,0,4247,1,"",0,"worker/src/types/index.md(741) frontend/src/app/services/game-api.service.md(711) docs/flows/add-endpoint.md(694) worker/src/services/character.md(679) docs/flows/inventory.md(638)"
"research-v3","v3","iso-1","rest-endpoint-plan","rep-2",79540,1590,16993,62547,16987,79540,3,0,0,"view",3,7.08889,7,0,0,7,0,4329,0,4329,1,"",0,"worker/src/types/index.md(741) frontend/src/app/services/game-api.service.md(711) docs/flows/add-endpoint.md(694) worker/src/services/character.md(679) docs/flows/inventory.md(638)"
"research-v3","v3","iso-1","rest-endpoint-plan","rep-3",46692,1044,10988,35704,10984,46692,2,0,0,"view",2,4.50488,2,0,0,2,0,1332,0,1332,1,"",0,"docs/flows/add-endpoint.md(694) docs/flows/inventory.md(638)"
"research-v3","v3","iso-1","session-expiry","rep-1",68627,890,9841,58786,9835,68627,3,0,0,"view",3,4.52567,2,0,0,1,1,590,167,757,1,"",0,"docs/flows/resume-session.md(590) worker/src/routes/session.ts(167)"
"research-v3","v3","iso-1","session-expiry","rep-2",68630,868,9849,58781,9843,68630,3,0,0,"view",3,4.50557,2,0,0,1,1,590,167,757,1,"",0,"docs/flows/resume-session.md(590) worker/src/routes/session.ts(167)"
"research-v3","v3","iso-1","session-expiry","rep-3",69896,1042,11106,58790,11100,69896,3,0,0,"view",3,4.994,3,0,0,1,2,590,878,1468,1,"",0,"worker/src/services/session.ts(711) docs/flows/resume-session.md(590) worker/src/routes/session.ts(167)"
"research-v3","v3","iso-1","shop-sell","rep-1",177911,1916,13883,164028,13869,177911,7,0,0,"view",7,8.66661,8,0,0,2,1,1037,1128,2165,1,"",0,"worker/src/routes/shop.ts(1128) docs/flows/inventory.md(638) worker/src/routes/shop.md(399)"
"research-v3","v3","iso-1","shop-sell","rep-2",151921,1653,15028,136893,15016,151921,6,0,0,"view",6,8.14726,7,1,0,2,1,1037,1128,2165,1,"",0,"worker/src/routes/shop.ts(1128) docs/flows/inventory.md(638) worker/src/routes/shop.md(399)"
"research-v3","v3","iso-1","shop-sell","rep-3",151026,1622,13767,137259,13755,151026,6,0,0,"view",6,7.80833,7,0,0,2,1,1037,1128,2165,1,"",0,"worker/src/routes/shop.ts(1128) docs/flows/inventory.md(638) worker/src/routes/shop.md(399)"
"research-v3","v3","iso-1","starting-gear","rep-1",45508,357,9842,35666,9838,45508,2,0,0,"view",2,3.53062,1,0,0,1,0,748,0,748,1,"",0,"docs/flows/character-creation.md(748)"
"research-v3","v3","iso-1","starting-gear","rep-2",45512,294,9843,35669,9839,45512,2,0,0,"view",2,3.46793,1,0,0,1,0,748,0,748,1,"",0,"docs/flows/character-creation.md(748)"
"research-v3","v3","iso-1","starting-gear","rep-3",45484,286,9816,35668,9812,45484,2,0,0,"view",2,3.45316,1,0,0,1,0,748,0,748,1,"",0,"docs/flows/character-creation.md(748)"
"research-v3-noauto","v3","iso-1","ai-fallback","rep-1",92375,930,12585,79790,12577,92375,4,0,0,"view",4,5.67165,3,0,0,2,1,1509,1595,3104,0.8,"choices",0,"worker/src/services/ai-dm.ts(1595) AGENTS.md(829) worker/src/services/ai-dm.md(680)"
"research-v3-noauto","v3","iso-1","ai-fallback","rep-2",92396,887,12602,79794,12594,92396,4,0,0,"view",4,5.63298,3,0,0,2,1,1509,1585,3094,0.8,"choices",0,"worker/src/services/ai-dm.ts(1585) AGENTS.md(829) worker/src/services/ai-dm.md(680)"
"research-v3-noauto","v3","iso-1","ai-fallback","rep-3",93733,862,13941,79792,13933,93733,4,0,0,"view",4,5.94269,3,0,0,2,1,1509,2470,3979,0.8,"choices",0,"worker/src/services/ai-dm.ts(2470) AGENTS.md(829) worker/src/services/ai-dm.md(680)"
"research-v3-noauto","v3","iso-1","combat-round","rep-1",67518,1085,11121,56397,11115,67518,3,0,0,"view",3,4.99289,3,0,0,3,0,2162,0,2162,1,"",0,"AGENTS.md(829) docs/flows/combat.md(721) worker/src/services/combat.md(612)"
"research-v3-noauto","v3","iso-1","combat-round","rep-2",67527,964,11124,56403,11118,67527,3,0,0,"view",3,4.87276,3,0,0,3,0,2162,0,2162,1,"",0,"AGENTS.md(829) docs/flows/combat.md(721) worker/src/services/combat.md(612)"
"research-v3-noauto","v3","iso-1","combat-round","rep-3",67517,1036,11121,56396,11115,67517,3,0,0,"view",3,4.94387,3,0,0,3,0,2162,0,2162,1,"",0,"AGENTS.md(829) docs/flows/combat.md(721) worker/src/services/combat.md(612)"
"research-v3-noauto","v3","iso-1","cors-origin","rep-1",136657,979,10775,125882,10763,136657,6,0,0,"view",6,6.18979,5,0,0,2,1,1214,565,1779,1,"",0,"AGENTS.md(829) worker/src/index.ts(565) worker/src/index.md(385)"
"research-v3-noauto","v3","iso-1","cors-origin","rep-2",136580,918,10757,125823,10745,136580,6,0,0,"view",6,6.12311,5,0,0,2,1,1214,565,1779,1,"",0,"AGENTS.md(829) worker/src/index.ts(565) worker/src/index.md(385)"
"research-v3-noauto","v3","iso-1","cors-origin","rep-3",136612,964,10763,125849,10751,136612,6,0,0,"view",6,6.17113,5,0,0,2,1,1214,565,1779,1,"",0,"AGENTS.md(829) worker/src/index.ts(565) worker/src/index.md(385)"
"research-v3-noauto","v3","iso-1","inventory-dialog","rep-1",65989,638,9660,56329,9654,65989,3,0,0,"view",3,4.17928,2,0,0,2,0,1467,0,1467,1,"",0,"AGENTS.md(829) docs/flows/inventory.md(638)"
"research-v3-noauto","v3","iso-1","inventory-dialog","rep-2",65986,587,9659,56327,9653,65986,3,0,0,"view",3,4.12799,2,0,0,2,0,1467,0,1467,1,"",0,"AGENTS.md(829) docs/flows/inventory.md(638)"
"research-v3-noauto","v3","iso-1","inventory-dialog","rep-3",66015,630,9673,56342,9667,66015,3,0,0,"view",3,4.17479,2,0,0,2,0,1467,0,1467,1,"",0,"AGENTS.md(829) docs/flows/inventory.md(638)"
"research-v3-noauto","v3","iso-1","level-up-flow","rep-1",65998,824,9651,56347,9645,65998,3,0,0,"view",3,4.36339,2,0,0,2,0,1478,0,1478,1,"",0,"AGENTS.md(829) docs/flows/level-up.md(649)"
"research-v3-noauto","v3","iso-1","level-up-flow","rep-2",66002,959,9655,56347,9649,66002,3,0,0,"view",3,4.49939,2,0,0,2,0,1478,0,1478,1,"",0,"AGENTS.md(829) docs/flows/level-up.md(649)"
"research-v3-noauto","v3","iso-1","level-up-flow","rep-3",65986,855,9647,56339,9641,65986,3,0,0,"view",3,4.39323,2,0,0,2,0,1478,0,1478,1,"",0,"AGENTS.md(829) docs/flows/level-up.md(649)"
"research-v3-noauto","v3","iso-1","local-login","rep-1",66719,866,10376,56343,10370,66719,3,0,0,"view",3,4.58656,3,0,0,3,0,1840,0,1840,1,"",0,"AGENTS.md(829) docs/flows/resume-session.md(590) frontend/src/app/services/auth.service.md(421)"
"research-v3-noauto","v3","iso-1","local-login","rep-2",92106,1123,11674,80432,11666,92106,4,0,0,"view",4,5.64974,4,0,0,3,1,1840,623,2463,0.8,"authGuard",0,"AGENTS.md(829) frontend/src/app/services/auth.service.ts(623) docs/flows/resume-session.md(590) frontend/src/app/services/auth.service.md(421)"
"research-v3-noauto","v3","iso-1","local-login","rep-3",66735,879,10398,56337,10392,66735,3,0,0,"view",3,4.60494,3,0,0,3,0,1840,0,1840,0.8,"authGuard",0,"AGENTS.md(829) docs/flows/resume-session.md(590) frontend/src/app/services/auth.service.md(421)"
"research-v3-noauto","v3","iso-1","log-pagination","rep-1",146048,1691,15199,130849,15187,146048,6,0,0,"view",6,8.10713,8,0,0,4,2,2690,633,3323,1,"",0,"frontend/src/app/components/game-console/game-console.component.md(867) AGENTS.md(829) frontend/src/app/services/game-api.service.md(711) frontend/src/app/components/game-console/game-console.component.ts(364) worker/src/routes/log.md(283)"
"research-v3-noauto","v3","iso-1","log-pagination","rep-2",178495,1588,18286,160209,18272,178495,7,0,0,"view",7,9.36298,8,0,0,4,2,5204,621,5825,1,"",0,"code.md(3225) frontend/src/app/components/game-console/game-console.component.md(867) AGENTS.md(829) frontend/src/app/components/game-console/game-console.component.ts(385) worker/src/routes/log.md(283)"
"research-v3-noauto","v3","iso-1","log-pagination","rep-3",118742,1258,12938,105804,12928,118742,5,0,0,"view",5,6.60808,6,0,0,3,2,1979,490,2469,1,"",0,"frontend/src/app/components/game-console/game-console.component.md(867) AGENTS.md(829) worker/src/routes/log.md(283) worker/src/routes/log.ts(269) frontend/src/app/components/game-console/game-console.component.ts(221)"
"research-v3-noauto","v3","iso-1","rest-endpoint-plan","rep-1",67442,999,11035,56407,11029,67442,3,0,0,"view",3,4.88559,3,0,0,3,0,2161,0,2161,1,"",0,"AGENTS.md(829) docs/flows/add-endpoint.md(694) docs/flows/inventory.md(638)"
"research-v3-noauto","v3","iso-1","rest-endpoint-plan","rep-2",103465,1865,18595,84870,18587,103465,4,0,0,"view",4,8.21075,9,0,0,9,0,6025,0,6025,1,"",0,"frontend/src/app/components/game-console/game-console.component.md(867) AGENTS.md(829) worker/src/types/index.md(741) frontend/src/app/services/game-api.service.md(711) docs/flows/add-endpoint.md(694)"
"research-v3-noauto","v3","iso-1","rest-endpoint-plan","rep-3",69613,1420,13210,56403,13204,69613,3,0,0,"view",3,5.85026,5,0,0,5,0,3257,0,3257,1,"",0,"AGENTS.md(829) frontend/src/app/services/game-api.service.md(711) docs/flows/add-endpoint.md(694) docs/flows/inventory.md(638) worker/src/index.md(385)"
"research-v3-noauto","v3","iso-1","session-expiry","rep-1",90587,1051,11036,79551,11028,90587,4,0,0,"view",4,5.40062,4,0,0,2,2,1419,760,2179,1,"",0,"AGENTS.md(829) worker/src/services/session.ts(593) docs/flows/resume-session.md(590) worker/src/routes/session.ts(167)"
"research-v3-noauto","v3","iso-1","session-expiry","rep-2",89472,989,9924,79548,9916,89472,4,0,0,"view",4,5.06056,3,0,0,2,1,1419,167,1586,1,"",0,"AGENTS.md(829) docs/flows/resume-session.md(590) worker/src/routes/session.ts(167)"
"research-v3-noauto","v3","iso-1","session-expiry","rep-3",116350,1173,11929,104421,11919,116350,5,0,0,"view",5,6.24317,5,0,0,2,3,1419,1244,2663,1,"",0,"AGENTS.md(829) worker/src/services/session.ts(711) docs/flows/resume-session.md(590) frontend/src/app/components/game-console/game-console.component.ts(366) worker/src/routes/session.ts(167)"
"research-v3-noauto","v3","iso-1","shop-sell","rep-1",199748,1817,13569,186179,13553,199748,8,0,0,"view",8,8.93203,8,1,0,3,1,1866,1128,2994,1,"",0,"worker/src/routes/shop.ts(1128) AGENTS.md(829) docs/flows/inventory.md(638) worker/src/routes/shop.md(399)"
"research-v3-noauto","v3","iso-1","shop-sell","rep-2",251463,1734,15861,235602,15841,251463,10,0,0,"view",10,10.41029,10,0,0,4,2,2353,1716,4069,1,"",0,"worker/src/routes/shop.ts(1128) AGENTS.md(829) docs/flows/inventory.md(638) worker/src/db/seed.sql(588) worker/src/db/seed.md(487)"
"research-v3-noauto","v3","iso-1","shop-sell","rep-3",205010,1922,16117,188893,16101,205010,8,0,0,"view",8,9.72831,9,0,0,4,2,2353,1716,4069,1,"",0,"worker/src/routes/shop.ts(1128) AGENTS.md(829) docs/flows/inventory.md(638) worker/src/db/seed.sql(588) worker/src/db/seed.md(487)"
"research-v3-noauto","v3","iso-1","starting-gear","rep-1",66261,387,9930,56331,9924,66261,3,0,0,"view",3,3.99582,2,0,0,2,0,1577,0,1577,1,"",0,"AGENTS.md(829) docs/flows/character-creation.md(748)"
"research-v3-noauto","v3","iso-1","starting-gear","rep-2",66264,406,9931,56333,9925,66264,3,0,0,"view",3,4.01511,2,0,0,2,0,1577,0,1577,1,"",0,"AGENTS.md(829) docs/flows/character-creation.md(748)"
"research-v3-noauto","v3","iso-1","starting-gear","rep-3",66277,531,9936,56341,9930,66277,3,0,0,"view",3,4.14152,2,0,0,2,0,1577,0,1577,1,"",0,"AGENTS.md(829) docs/flows/character-creation.md(748)"
"research-v4","v4","iso-1","ai-fallback","rep-1",99564,995,14198,85366,14190,99564,4,0,0,"view",4,6.25142,3,0,0,1,1,696,2474,3170,0.8,"choices",0,"worker/src/services/ai-dm.ts(2474) docs/code/worker/src/services/ai-dm.md(696)"
"research-v4","v4","iso-1","ai-fallback","rep-2",156275,1383,14746,141529,14734,156275,6,0,0,"view",6,7.89948,5,0,0,1,1,696,2497,3193,1,"",0,"worker/src/services/ai-dm.ts(2497) docs/code/worker/src/services/ai-dm.md(696)"
"research-v4","v4","iso-1","ai-fallback","rep-3",73431,863,14041,59390,14035,73431,3,0,0,"view",3,5.56075,2,0,0,1,1,696,2488,3184,0.8,"choices",0,"worker/src/services/ai-dm.ts(2488) docs/code/worker/src/services/ai-dm.md(696)"
"research-v4","v4","iso-1","combat-round","rep-1",47091,864,11221,35870,11217,47091,2,0,0,"view",2,4.38645,2,0,0,2,0,1355,0,1355,1,"",0,"docs/flows/combat.md(723) docs/code/worker/src/services/combat.md(632)"
"research-v4","v4","iso-1","combat-round","rep-2",47095,854,11223,35872,11219,47095,2,0,0,"view",2,4.37699,2,0,0,2,0,1355,0,1355,1,"",0,"docs/flows/combat.md(723) docs/code/worker/src/services/combat.md(632)"
"research-v4","v4","iso-1","combat-round","rep-3",47092,783,11223,35869,11219,47092,2,0,0,"view",2,4.30593,2,0,0,2,0,1355,0,1355,1,"",0,"docs/flows/combat.md(723) docs/code/worker/src/services/combat.md(632)"
"research-v4","v4","iso-1","cors-origin","rep-1",92860,692,10665,82195,10657,92860,4,0,0,"view",4,5.00175,3,0,0,1,1,398,565,963,1,"",0,"worker/src/index.ts(565) docs/code/worker/src/index.md(398)"
"research-v4","v4","iso-1","cors-origin","rep-2",94423,1033,11620,82803,11612,94423,4,0,0,"view",4,5.59366,5,0,0,2,1,747,565,1312,1,"",0,"worker/src/index.ts(565) docs/code/worker/src/index.md(398) docs/DEPLOYMENT_NOTES.md(349)"
"research-v4","v4","iso-1","cors-origin","rep-3",92490,706,10347,82143,10339,92490,4,0,0,"view",4,4.93521,3,0,0,1,1,398,386,784,1,"",0,"docs/code/worker/src/index.md(398) worker/src/index.ts(386)"
"research-v4","v4","iso-1","inventory-dialog","rep-1",45592,526,9750,35842,9746,45592,2,0,0,"view",2,3.68014,1,0,0,1,0,642,0,642,1,"",0,"docs/flows/inventory.md(642)"
"research-v4","v4","iso-1","inventory-dialog","rep-2",45589,452,9748,35841,9744,45589,2,0,0,"view",2,3.60562,1,0,0,1,0,642,0,642,1,"",0,"docs/flows/inventory.md(642)"
"research-v4","v4","iso-1","inventory-dialog","rep-3",45587,440,9748,35839,9744,45587,2,0,0,"view",2,3.59358,1,0,0,1,0,642,0,642,1,"",0,"docs/flows/inventory.md(642)"
"research-v4","v4","iso-1","level-up-flow","rep-1",45590,807,9739,35851,9735,45590,2,0,0,"view",2,3.95857,1,0,0,1,0,652,0,652,1,"",0,"docs/flows/level-up.md(652)"
"research-v4","v4","iso-1","level-up-flow","rep-2",45581,717,9730,35851,9726,45581,2,0,0,"view",2,3.86632,1,0,0,1,0,652,0,652,1,"",0,"docs/flows/level-up.md(652)"
"research-v4","v4","iso-1","level-up-flow","rep-3",45583,904,9734,35849,9730,45583,2,0,0,"view",2,4.05428,1,0,0,1,0,652,0,652,1,"",0,"docs/flows/level-up.md(652)"
"research-v4","v4","iso-1","local-login","rep-1",46406,819,10557,35849,10553,46406,2,0,0,"view",2,4.17503,2,0,0,2,0,1036,0,1036,0.8,"authGuard",0,"docs/flows/resume-session.md(593) docs/code/frontend/src/app/services/auth.service.md(443)"
"research-v4","v4","iso-1","local-login","rep-2",47273,977,11421,35852,11417,47273,2,0,0,"view",2,4.54909,3,0,0,3,0,1544,0,1544,0.8,"authGuard",0,"docs/flows/resume-session.md(593) docs/code/frontend/src/app/services/character-state.service.md(508) docs/code/frontend/src/app/services/auth.service.md(443)"
"research-v4","v4","iso-1","local-login","rep-3",46345,685,10498,35847,10494,46345,2,0,0,"view",2,4.02624,2,0,0,2,0,1036,0,1036,0.8,"no password",0,"docs/flows/resume-session.md(593) docs/code/frontend/src/app/services/auth.service.md(443)"
"research-v4","v4","iso-1","log-pagination","rep-1",201773,1806,14323,187450,14307,201773,8,0,0,"view",8,9.13495,8,0,0,2,2,1296,531,1827,1,"",0,"docs/code/frontend/src/app/components/game-console/game-console.component.md(998) docs/code/worker/src/routes/log.md(298) worker/src/routes/log.ts(269) frontend/src/app/components/game-console/game-console.component.ts(262)"
"research-v4","v4","iso-1","log-pagination","rep-2",115573,1250,18604,96969,18596,115573,4,0,0,"view",4,7.83998,5,0,0,3,1,4791,221,5012,1,"",0,"code.md(3495) docs/code/frontend/src/app/components/game-console/game-console.component.md(998) docs/code/worker/src/routes/log.md(298) frontend/src/app/components/game-console/game-console.component.ts(221)"
"research-v4","v4","iso-1","log-pagination","rep-3",123276,1173,13679,109597,13669,123276,5,0,0,"view",5,6.78419,5,1,0,2,1,1296,221,1517,1,"",0,"docs/code/frontend/src/app/components/game-console/game-console.component.md(998) docs/code/worker/src/routes/log.md(298) frontend/src/app/components/game-console/game-console.component.ts(221)"
"research-v4","v4","iso-1","rest-endpoint-plan","rep-1",47022,1029,11142,35880,11138,47022,2,0,0,"view",2,4.5319,2,0,0,2,0,1339,0,1339,1,"",0,"docs/flows/add-endpoint.md(697) docs/flows/inventory.md(642)"
"research-v4","v4","iso-1","rest-endpoint-plan","rep-2",82725,2018,18171,64554,18165,82725,3,0,0,"view",3,7.85153,7,0,0,7,0,4924,0,4924,1,"",0,"docs/code/frontend/src/app/components/game-console/game-console.component.md(998) docs/code/worker/src/types/index.md(757) docs/code/frontend/src/app/services/game-api.service.md(735) docs/flows/add-endpoint.md(697) docs/code/worker/src/services/character.md(697)"
"research-v4","v4","iso-1","rest-endpoint-plan","rep-3",76035,1556,14414,61621,14408,76035,3,0,0,"view",3,6.39162,5,0,0,5,0,2849,0,2849,1,"",0,"docs/flows/add-endpoint.md(697) docs/code/worker/src/services/character.md(697) docs/flows/inventory.md(642) docs/code/worker/src/routes/shop.md(415) docs/code/worker/src/index.md(398)"
"research-v4","v4","iso-1","session-expiry","rep-1",45457,732,9590,35867,9586,45457,2,0,0,"view",2,3.84664,1,0,0,1,0,593,0,593,1,"",0,"docs/flows/resume-session.md(593)"
"research-v4","v4","iso-1","session-expiry","rep-2",45450,597,9589,35861,9585,45450,2,0,0,"view",2,3.71127,1,0,0,1,0,593,0,593,1,"",0,"docs/flows/resume-session.md(593)"
"research-v4","v4","iso-1","session-expiry","rep-3",70423,935,11285,59138,11279,70423,3,0,0,"view",3,4.93871,3,0,0,1,2,593,878,1471,1,"",0,"worker/src/services/session.ts(711) docs/flows/resume-session.md(593) worker/src/routes/session.ts(167)"
"research-v4","v4","iso-1","shop-sell","rep-1",126724,1429,26433,100291,16661,105523,4,21201,1,"read_file",7,6.96393,14,0,0,3,2,1627,2164,3791,0.8,"14",0,"worker/src/db/seed.sql(1786) docs/flows/inventory.md(642) docs/code/worker/migrations/0001_initial_schema.md(570) docs/code/worker/src/routes/shop.md(415) worker/src/routes/shop.ts(378)"
"research-v4","v4","iso-1","shop-sell","rep-2",179342,1947,14044,165298,14030,179342,7,0,0,"view",7,8.76326,8,1,0,2,1,1057,1128,2185,1,"",0,"worker/src/routes/shop.ts(1128) docs/flows/inventory.md(642) docs/code/worker/src/routes/shop.md(415)"
"research-v4","v4","iso-1","shop-sell","rep-3",104074,1568,30613,73461,16901,76221,3,27853,1,"read_file",6,6.33573,19,0,0,3,2,2057,2954,5011,0.8,"14",0,"worker/src/db/seed.sql(1786) worker/src/routes/shop.ts(1168) docs/code/worker/src/routes/shop.md(872) docs/flows/inventory.md(642) docs/code/worker/src/db/seed.md(543)"
"research-v4","v4","iso-1","starting-gear","rep-1",45873,309,10029,35844,10025,45873,2,0,0,"view",2,3.53293,1,0,0,1,0,752,0,752,1,"",0,"docs/flows/character-creation.md(752)"
"research-v4","v4","iso-1","starting-gear","rep-2",45874,366,10028,35846,10024,45874,2,0,0,"view",2,3.58972,1,0,0,1,0,752,0,752,1,"",0,"docs/flows/character-creation.md(752)"
"research-v4","v4","iso-1","starting-gear","rep-3",45875,316,10029,35846,10025,45875,2,0,0,"view",2,3.53997,1,0,0,1,0,752,0,752,1,"",0,"docs/flows/character-creation.md(752)"
"research-v4-noauto","v4","iso-1","ai-fallback","rep-1",144902,1310,14526,130376,14514,144902,6,0,0,"view",6,7.54842,5,0,0,2,1,1621,2474,4095,0.8,"choices",0,"worker/src/services/ai-dm.ts(2474) AGENTS.md(925) docs/code/worker/src/services/ai-dm.md(696)"
"research-v4-noauto","v4","iso-1","ai-fallback","rep-2",145314,1306,14521,130793,14509,145314,6,0,0,"view",6,7.55151,5,0,0,2,1,1621,2470,4091,1,"",0,"worker/src/services/ai-dm.ts(2470) AGENTS.md(925) docs/code/worker/src/services/ai-dm.md(696)"
"research-v4-noauto","v4","iso-1","ai-fallback","rep-3",94419,999,14204,80215,14196,94419,4,0,0,"view",4,6.1539,3,0,0,2,1,1621,2488,4109,0.8,"choices",0,"worker/src/services/ai-dm.ts(2488) AGENTS.md(925) docs/code/worker/src/services/ai-dm.md(696)"
"research-v4-noauto","v4","iso-1","combat-round","rep-1",93678,1177,12109,81569,12101,93678,4,0,0,"view",4,5.83523,4,0,0,4,0,2608,0,2608,1,"",0,"AGENTS.md(925) docs/flows/combat.md(723) docs/code/worker/src/services/combat.md(632) docs/code/worker/src/services/dice.md(328)"
"research-v4-noauto","v4","iso-1","combat-round","rep-2",67907,1041,11337,56570,11331,67907,3,0,0,"view",3,5.00635,3,0,0,3,0,2280,0,2280,1,"",0,"AGENTS.md(925) docs/flows/combat.md(723) docs/code/worker/src/services/combat.md(632)"
"research-v4-noauto","v4","iso-1","combat-round","rep-3",67912,896,11340,56572,11334,67912,3,0,0,"view",3,4.86214,3,0,0,3,0,2280,0,2280,1,"",0,"AGENTS.md(925) docs/flows/combat.md(723) docs/code/worker/src/services/combat.md(632)"
"research-v4-noauto","v4","iso-1","cors-origin","rep-1",113801,885,10732,103069,10722,113801,5,0,0,"view",5,5.62888,4,0,0,2,0,1323,0,1323,1,"",0,"AGENTS.md(925) docs/code/worker/src/index.md(398)"
"research-v4-noauto","v4","iso-1","cors-origin","rep-2",113840,788,10762,103078,10752,113840,5,0,0,"view",5,5.53956,4,0,0,2,1,1323,565,1888,1,"",0,"AGENTS.md(925) worker/src/index.ts(565) docs/code/worker/src/index.md(398)"
"research-v4-noauto","v4","iso-1","cors-origin","rep-3",137718,995,10997,126721,10985,137718,6,0,0,"view",6,6.27807,5,0,0,2,1,1323,565,1888,1,"",0,"AGENTS.md(925) worker/src/index.ts(565) docs/code/worker/src/index.md(398)"
"research-v4-noauto","v4","iso-1","inventory-dialog","rep-1",66378,661,9868,56510,9862,66378,3,0,0,"view",3,4.2579,2,0,0,2,0,1567,0,1567,1,"",0,"AGENTS.md(925) docs/flows/inventory.md(642)"
"research-v4-noauto","v4","iso-1","inventory-dialog","rep-2",66379,622,9869,56510,9863,66379,3,0,0,"view",3,4.21915,2,0,0,2,0,1567,0,1567,1,"",0,"AGENTS.md(925) docs/flows/inventory.md(642)"
"research-v4-noauto","v4","iso-1","inventory-dialog","rep-3",66344,630,9842,56502,9836,66344,3,0,0,"view",3,4.22024,2,0,0,2,0,1567,0,1567,1,"",0,"AGENTS.md(925) docs/flows/inventory.md(642)"
"research-v4-noauto","v4","iso-1","level-up-flow","rep-1",66357,743,9836,56521,9830,66357,3,0,0,"view",3,4.33212,2,0,0,2,0,1577,0,1577,1,"",0,"AGENTS.md(925) docs/flows/level-up.md(652)"
"research-v4-noauto","v4","iso-1","level-up-flow","rep-2",66354,872,9832,56522,9826,66354,3,0,0,"view",3,4.46014,2,0,0,2,0,1577,0,1577,0.8333333333333334,"+2",0,"AGENTS.md(925) docs/flows/level-up.md(652)"
"research-v4-noauto","v4","iso-1","level-up-flow","rep-3",66386,1068,9846,56540,9840,66386,3,0,0,"view",3,4.66,2,0,0,2,0,1577,0,1577,1,"",0,"AGENTS.md(925) docs/flows/level-up.md(652)"
"research-v4-noauto","v4","iso-1","local-login","rep-1",68068,1102,11548,56520,11542,68068,3,0,0,"view",3,5.1191,4,0,0,4,0,2469,0,2469,0.8,"authGuard",0,"AGENTS.md(925) docs/flows/resume-session.md(593) docs/code/frontend/src/app/services/character-state.service.md(508) docs/code/frontend/src/app/services/auth.service.md(443)"
"research-v4-noauto","v4","iso-1","local-login","rep-2",94461,1187,12723,81738,12715,94461,4,0,0,"view",4,6.00211,5,0,0,4,1,2469,623,3092,1,"",0,"AGENTS.md(925) frontend/src/app/services/auth.service.ts(623) docs/flows/resume-session.md(593) docs/code/frontend/src/app/services/character-state.service.md(508) docs/code/frontend/src/app/services/auth.service.md(443)"
"research-v4-noauto","v4","iso-1","local-login","rep-3",68092,1167,11578,56514,11572,68092,3,0,0,"view",3,5.19148,4,0,0,4,0,2469,0,2469,1,"",0,"AGENTS.md(925) docs/flows/resume-session.md(593) docs/code/frontend/src/app/services/character-state.service.md(508) docs/code/frontend/src/app/services/auth.service.md(443)"
"research-v4-noauto","v4","iso-1","log-pagination","rep-1",140425,1312,12145,128280,12133,140425,6,0,0,"view",6,6.91325,5,0,0,3,1,2221,221,2442,1,"",0,"docs/code/frontend/src/app/components/game-console/game-console.component.md(998) AGENTS.md(925) docs/code/worker/src/routes/log.md(298) frontend/src/app/components/game-console/game-console.component.ts(221)"
"research-v4-noauto","v4","iso-1","log-pagination","rep-2",141379,1322,12617,128762,12605,141379,6,0,0,"view",6,7.05089,6,0,0,3,1,2221,350,2571,1,"",0,"docs/code/frontend/src/app/components/game-console/game-console.component.md(998) AGENTS.md(925) frontend/src/app/components/game-console/game-console.component.ts(350) docs/code/worker/src/routes/log.md(298)"
"research-v4-noauto","v4","iso-1","log-pagination","rep-3",141077,1346,12377,128700,12365,141077,6,0,0,"view",6,7.01365,6,0,0,3,1,2221,221,2442,1,"",0,"docs/code/frontend/src/app/components/game-console/game-console.component.md(998) AGENTS.md(925) docs/code/worker/src/routes/log.md(298) frontend/src/app/components/game-console/game-console.component.ts(221)"
"research-v4-noauto","v4","iso-1","rest-endpoint-plan","rep-1",95933,1749,14368,81565,14360,95933,4,0,0,"view",4,6.9719,5,0,0,5,0,3718,0,3718,1,"",0,"AGENTS.md(925) docs/code/worker/src/types/index.md(757) docs/flows/add-endpoint.md(697) docs/code/worker/src/services/character.md(697) docs/flows/inventory.md(642)"
"research-v4-noauto","v4","iso-1","rest-endpoint-plan","rep-2",71637,1488,15047,56590,15041,71637,3,0,0,"view",3,6.38125,6,0,0,6,0,4154,0,4154,1,"",0,"AGENTS.md(925) docs/code/worker/src/types/index.md(757) docs/code/frontend/src/app/services/game-api.service.md(735) docs/flows/add-endpoint.md(697) docs/flows/inventory.md(642)"
"research-v4-noauto","v4","iso-1","rest-endpoint-plan","rep-3",67851,1186,11273,56578,11267,67851,3,0,0,"view",3,5.13551,3,0,0,3,0,2264,0,2264,1,"",0,"AGENTS.md(925) docs/flows/add-endpoint.md(697) docs/flows/inventory.md(642)"
"research-v4-noauto","v4","iso-1","session-expiry","rep-1",90009,880,10090,79919,10082,90009,4,0,0,"view",4,5.00048,3,0,0,2,1,1518,167,1685,1,"",0,"AGENTS.md(925) docs/flows/resume-session.md(593) worker/src/routes/session.ts(167)"
"research-v4-noauto","v4","iso-1","session-expiry","rep-2",117102,1162,12127,104975,12117,117102,5,0,0,"view",5,6.29275,5,0,0,2,3,1518,1271,2789,1,"",0,"AGENTS.md(925) worker/src/services/session.ts(711) docs/flows/resume-session.md(593) frontend/src/app/components/game-console/game-console.component.ts(393) worker/src/routes/session.ts(167)"
"research-v4-noauto","v4","iso-1","session-expiry","rep-3",66236,826,9686,56550,9680,66236,3,0,0,"view",3,4.3782,2,0,0,2,0,1518,0,1518,1,"",0,"AGENTS.md(925) docs/flows/resume-session.md(593)"
"research-v4-noauto","v4","iso-1","shop-sell","rep-1",138929,1487,23259,115670,15517,122753,5,16176,1,"read_file",8,7.11477,15,0,0,4,2,2525,2914,5439,1,"",0,"worker/src/db/seed.sql(1786) worker/src/routes/shop.ts(1128) AGENTS.md(925) docs/flows/inventory.md(642) docs/code/worker/src/db/seed.md(543)"
"research-v4-noauto","v4","iso-1","shop-sell","rep-2",233986,2124,18156,215830,18138,233986,9,0,0,"view",9,10.9787,10,0,0,3,2,1982,2875,4857,1,"",0,"worker/src/db/seed.sql(1747) worker/src/routes/shop.ts(1128) AGENTS.md(925) docs/flows/inventory.md(642) docs/code/worker/src/routes/shop.md(415)"
"research-v4-noauto","v4","iso-1","shop-sell","rep-3",230860,1871,17606,213254,17588,230860,9,0,0,"view",9,10.53668,9,1,0,3,2,1982,2875,4857,1,"",0,"worker/src/db/seed.sql(1747) worker/src/routes/shop.ts(1128) AGENTS.md(925) docs/flows/inventory.md(642) docs/code/worker/src/routes/shop.md(415)"
"research-v4-noauto","v4","iso-1","starting-gear","rep-1",66625,434,10115,56510,10109,66625,3,0,0,"view",3,4.09265,2,0,0,2,0,1677,0,1677,1,"",0,"AGENTS.md(925) docs/flows/character-creation.md(752)"
"research-v4-noauto","v4","iso-1","starting-gear","rep-2",66637,553,10121,56516,10115,66637,3,0,0,"view",3,4.21327,2,0,0,2,0,1677,0,1677,1,"",0,"AGENTS.md(925) docs/flows/character-creation.md(752)"
"research-v4-noauto","v4","iso-1","starting-gear","rep-3",140723,1340,12048,128675,12036,140723,6,0,0,"view",6,6.9249,5,0,0,2,1,1677,588,2265,1,"",0,"AGENTS.md(925) docs/flows/character-creation.md(752) worker/src/db/seed.sql(588)"
"research-v5","v5","iso-1","ai-fallback","rep-1",124973,1249,14675,110298,14665,124973,5,0,0,"view",5,7.12321,4,0,0,1,1,696,2483,3179,0.8,"choices",0,"worker/src/services/ai-dm.ts(2483) docs/code/worker/src/services/ai-dm.md(696)"
"research-v5","v5","iso-1","ai-fallback","rep-2",125536,1344,14678,110858,14668,125536,5,0,0,"view",5,7.23016,4,0,0,1,1,696,2483,3179,0.8,"choices",0,"worker/src/services/ai-dm.ts(2483) docs/code/worker/src/services/ai-dm.md(696)"
"research-v5","v5","iso-1","ai-fallback","rep-3",74085,836,14257,59828,14251,74085,3,0,0,"view",3,5.59651,2,0,0,1,1,696,2488,3184,0.8,"choices",0,"worker/src/services/ai-dm.ts(2488) docs/code/worker/src/services/ai-dm.md(696)"
"research-v5","v5","iso-1","combat-round","rep-1",47523,764,11439,36084,11435,47523,2,0,0,"view",2,4.34523,2,0,0,2,0,1355,0,1355,1,"",0,"docs/flows/combat.md(723) docs/code/worker/src/services/combat.md(632)"
"research-v5","v5","iso-1","combat-round","rep-2",47524,802,11439,36085,11435,47524,2,0,0,"view",2,4.38325,2,0,0,2,0,1355,0,1355,1,"",0,"docs/flows/combat.md(723) docs/code/worker/src/services/combat.md(632)"
"research-v5","v5","iso-1","combat-round","rep-3",47530,820,11446,36084,11442,47530,2,0,0,"view",2,4.40298,2,0,0,2,0,1355,0,1355,1,"",0,"docs/flows/combat.md(723) docs/code/worker/src/services/combat.md(632)"
"research-v5","v5","iso-1","cors-origin","rep-1",93366,695,10571,82795,10563,93366,4,0,0,"view",4,4.99325,3,0,0,1,1,398,386,784,1,"",0,"docs/code/worker/src/index.md(398) worker/src/index.ts(386)"
"research-v5","v5","iso-1","cors-origin","rep-2",93671,724,10863,82808,10855,93671,4,0,0,"view",4,5.09551,3,0,0,1,1,398,565,963,1,"",0,"worker/src/index.ts(565) docs/code/worker/src/index.md(398)"
"research-v5","v5","iso-1","cors-origin","rep-3",117380,885,11011,106369,11001,117380,5,0,0,"view",5,5.76463,4,0,0,1,1,398,565,963,1,"",0,"worker/src/index.ts(565) docs/code/worker/src/index.md(398)"
"research-v5","v5","iso-1","inventory-dialog","rep-1",46021,492,9963,36058,9959,46021,2,0,0,"view",2,3.70371,1,0,0,1,0,642,0,642,1,"",0,"docs/flows/inventory.md(642)"
"research-v5","v5","iso-1","inventory-dialog","rep-2",46021,470,9963,36058,9959,46021,2,0,0,"view",2,3.68171,1,0,0,1,0,642,0,642,1,"",0,"docs/flows/inventory.md(642)"
"research-v5","v5","iso-1","inventory-dialog","rep-3",46021,495,9965,36056,9961,46021,2,0,0,"view",2,3.70717,1,0,0,1,0,642,0,642,1,"",0,"docs/flows/inventory.md(642)"
"research-v5","v5","iso-1","level-up-flow","rep-1",46023,815,9959,36064,9955,46023,2,0,0,"view",2,4.02583,1,0,0,1,0,652,0,652,1,"",0,"docs/flows/level-up.md(652)"
"research-v5","v5","iso-1","level-up-flow","rep-2",46013,803,9949,36064,9945,46013,2,0,0,"view",2,4.01133,1,0,0,1,0,652,0,652,1,"",0,"docs/flows/level-up.md(652)"
"research-v5","v5","iso-1","level-up-flow","rep-3",46007,817,9945,36062,9941,46007,2,0,0,"view",2,4.02429,1,0,0,1,0,652,0,652,0.8333333333333334,"+2",0,"docs/flows/level-up.md(652)"
"research-v5","v5","iso-1","local-login","rep-1",84659,1018,17860,66799,17854,84659,3,0,0,"view",3,6.81868,4,0,0,4,0,4922,0,4922,1,"",0,"code.md(3495) docs/flows/resume-session.md(593) docs/code/frontend/src/app/services/auth.service.md(443) docs/code/frontend/src/app/components/login/login.component.md(391)"
"research-v5","v5","iso-1","local-login","rep-2",46753,692,10693,36060,10689,46753,2,0,0,"view",2,4.08625,2,0,0,2,0,1036,0,1036,0.8,"authGuard",0,"docs/flows/resume-session.md(593) docs/code/frontend/src/app/services/auth.service.md(443)"
"research-v5","v5","iso-1","local-login","rep-3",71881,993,11657,60224,11651,71881,3,0,0,"view",3,5.11143,3,0,0,1,1,443,623,1066,0.8,"authGuard",0,"frontend/src/app/services/auth.service.ts(623) docs/code/frontend/src/app/services/auth.service.md(443)"
"research-v5","v5","iso-1","log-pagination","rep-1",72741,879,11903,60838,11897,72741,3,0,0,"view",3,5.07121,3,0,0,2,1,1296,385,1681,1,"",0,"docs/code/frontend/src/app/components/game-console/game-console.component.md(998) frontend/src/app/components/game-console/game-console.component.ts(385) docs/code/worker/src/routes/log.md(298)"
"research-v5","v5","iso-1","log-pagination","rep-2",72728,916,11896,60832,11890,72728,3,0,0,"view",3,5.10634,3,0,0,2,1,1296,384,1680,1,"",0,"docs/code/frontend/src/app/components/game-console/game-console.component.md(998) frontend/src/app/components/game-console/game-console.component.ts(384) docs/code/worker/src/routes/log.md(298)"
"research-v5","v5","iso-1","log-pagination","rep-3",97746,891,11881,85865,11873,97746,4,0,0,"view",4,5.57815,4,0,0,2,1,1296,221,1517,1,"",0,"docs/code/frontend/src/app/components/game-console/game-console.component.md(998) docs/code/worker/src/routes/log.md(298) frontend/src/app/components/game-console/game-console.component.ts(221)"
"research-v5","v5","iso-1","rest-endpoint-plan","rep-1",79991,1706,18855,61136,18849,79991,3,0,0,"view",3,7.64217,8,0,0,8,0,5233,0,5233,1,"",0,"docs/code/frontend/src/app/components/game-console/game-console.component.md(998) docs/code/frontend/src/app/services/game-api.service.md(735) docs/flows/add-endpoint.md(697) docs/code/worker/src/services/character.md(697) docs/flows/inventory.md(642)"
"research-v5","v5","iso-1","rest-endpoint-plan","rep-2",49921,1367,13826,36095,13822,49921,2,0,0,"view",2,5.5452,4,0,0,4,0,2494,0,2494,1,"",0,"docs/code/worker/src/types/index.md(757) docs/flows/add-endpoint.md(697) docs/flows/inventory.md(642) docs/code/worker/src/index.md(398)"
"research-v5","v5","iso-1","rest-endpoint-plan","rep-3",80237,1496,16658,63579,16652,80237,3,0,0,"view",3,6.93178,6,0,0,6,0,3926,0,3926,1,"",0,"docs/code/worker/src/types/index.md(757) docs/code/frontend/src/app/services/game-api.service.md(735) docs/flows/add-endpoint.md(697) docs/code/worker/src/services/character.md(697) docs/flows/inventory.md(642)"
"research-v5","v5","iso-1","session-expiry","rep-1",45879,761,9801,36078,9797,45879,2,0,0,"view",2,3.93261,1,0,0,1,0,593,0,593,1,"",0,"docs/flows/resume-session.md(593)"
"research-v5","v5","iso-1","session-expiry","rep-2",45877,691,9800,36077,9796,45877,2,0,0,"view",2,3.86234,1,0,0,1,0,593,0,593,1,"",0,"docs/flows/resume-session.md(593)"
"research-v5","v5","iso-1","session-expiry","rep-3",70534,1070,10969,59565,10963,70534,3,0,0,"view",3,5.00325,3,0,0,1,2,593,560,1153,1,"",0,"docs/flows/resume-session.md(593) frontend/src/app/components/game-console/game-console.component.ts(393) worker/src/routes/session.ts(167)"
"research-v5","v5","iso-1","shop-sell","rep-1",122933,1283,13051,109882,13041,122933,5,0,0,"view",5,6.74289,7,0,0,1,1,642,1128,1770,1,"",0,"worker/src/routes/shop.ts(1128) docs/flows/inventory.md(642)"
"research-v5","v5","iso-1","shop-sell","rep-2",212170,1757,17859,194311,17843,212170,8,0,0,"view",8,10.10717,9,1,0,2,2,1057,2875,3932,1,"",0,"worker/src/db/seed.sql(1747) worker/src/routes/shop.ts(1128) docs/flows/inventory.md(642) docs/code/worker/src/routes/shop.md(415)"
"research-v5","v5","iso-1","shop-sell","rep-3",209751,2045,15055,194696,15039,209751,8,0,0,"view",8,9.70187,9,0,0,2,1,1057,1128,2185,1,"",0,"worker/src/routes/shop.ts(1128) docs/flows/inventory.md(642) docs/code/worker/src/routes/shop.md(415)"
"research-v5","v5","iso-1","starting-gear","rep-1",46296,288,10235,36061,10231,46296,2,0,0,"view",2,3.56777,1,0,0,1,0,752,0,752,1,"",0,"docs/flows/character-creation.md(752)"
"research-v5","v5","iso-1","starting-gear","rep-2",46295,279,10231,36064,10227,46295,2,0,0,"view",2,3.55783,1,0,0,1,0,752,0,752,1,"",0,"docs/flows/character-creation.md(752)"
"research-v5","v5","iso-1","starting-gear","rep-3",46290,311,10231,36059,10227,46290,2,0,0,"view",2,3.58973,1,0,0,1,0,752,0,752,1,"",0,"docs/flows/character-creation.md(752)"
"research-v5-noauto","v5","iso-1","ai-fallback","rep-1",94975,940,14376,80599,14368,94975,4,0,0,"view",4,6.14558,3,0,0,2,1,1744,2488,4232,1,"",0,"worker/src/services/ai-dm.ts(2488) AGENTS.md(1048) docs/code/worker/src/services/ai-dm.md(696)"
"research-v5-noauto","v5","iso-1","ai-fallback","rep-2",146714,1216,14738,131976,14726,146714,6,0,0,"view",6,7.53942,5,0,0,2,1,1744,2476,4220,0.8,"choices",0,"worker/src/services/ai-dm.ts(2476) AGENTS.md(1048) docs/code/worker/src/services/ai-dm.md(696)"
"research-v5-noauto","v5","iso-1","ai-fallback","rep-3",144159,1311,13461,130698,13449,144159,6,0,0,"view",6,7.28961,5,0,0,2,1,1744,1602,3346,0.8,"choices",0,"worker/src/services/ai-dm.ts(1602) AGENTS.md(1048) docs/code/worker/src/services/ai-dm.md(696)"
"research-v5-noauto","v5","iso-1","combat-round","rep-1",68358,1004,25257,43101,25251,68358,3,0,0,"view",3,8.17997,3,0,0,3,0,2403,0,2403,1,"",0,"AGENTS.md(1048) docs/flows/combat.md(723) docs/code/worker/src/services/combat.md(632)"
"research-v5-noauto","v5","iso-1","combat-round","rep-2",68311,930,11540,56771,11534,68311,3,0,0,"view",3,4.95012,3,0,0,3,0,2403,0,2403,1,"",0,"AGENTS.md(1048) docs/flows/combat.md(723) docs/code/worker/src/services/combat.md(632)"
"research-v5-noauto","v5","iso-1","combat-round","rep-3",68334,1001,11551,56783,11545,68334,3,0,0,"view",3,5.02411,3,0,0,3,0,2403,0,2403,1,"",0,"AGENTS.md(1048) docs/flows/combat.md(723) docs/code/worker/src/services/combat.md(632)"
"research-v5-noauto","v5","iso-1","cors-origin","rep-1",114488,807,10789,103699,10779,114488,5,0,0,"view",5,5.57773,4,0,0,2,1,1446,440,1886,1,"",0,"AGENTS.md(1048) worker/src/index.ts(440) docs/code/worker/src/index.md(398)"
"research-v5-noauto","v5","iso-1","cors-origin","rep-2",138505,938,11067,127438,11055,138505,6,0,0,"view",6,6.25291,5,0,0,2,1,1446,565,2011,1,"",0,"AGENTS.md(1048) worker/src/index.ts(565) docs/code/worker/src/index.md(398)"
"research-v5-noauto","v5","iso-1","cors-origin","rep-3",163211,1122,11513,151698,11499,163211,7,0,0,"view",7,7.03351,6,0,0,2,1,1446,565,2011,1,"",0,"AGENTS.md(1048) worker/src/index.ts(565) docs/code/worker/src/index.md(398)"
"research-v5-noauto","v5","iso-1","inventory-dialog","rep-1",66812,646,10093,56719,10087,66812,3,0,0,"view",3,4.30333,2,0,0,2,0,1690,0,1690,1,"",0,"AGENTS.md(1048) docs/flows/inventory.md(642)"
"research-v5-noauto","v5","iso-1","inventory-dialog","rep-2",68557,710,11833,56724,11827,68557,3,0,0,"view",3,4.80243,3,0,0,3,0,2688,0,2688,1,"",0,"AGENTS.md(1048) docs/code/frontend/src/app/components/game-console/game-console.component.md(998) docs/flows/inventory.md(642)"
"research-v5-noauto","v5","iso-1","inventory-dialog","rep-3",66774,577,10057,56717,10051,66774,3,0,0,"view",3,4.22529,2,0,0,2,0,1690,0,1690,1,"",0,"AGENTS.md(1048) docs/flows/inventory.md(642)"
"research-v5-noauto","v5","iso-1","level-up-flow","rep-1",66796,952,10065,56731,10059,66796,3,0,0,"view",3,4.60257,2,0,0,2,0,1700,0,1700,1,"",0,"AGENTS.md(1048) docs/flows/level-up.md(652)"
"research-v5-noauto","v5","iso-1","level-up-flow","rep-2",66773,915,10044,56729,10038,66773,3,0,0,"view",3,4.56028,2,0,0,2,0,1700,0,1700,1,"",0,"AGENTS.md(1048) docs/flows/level-up.md(652)"
"research-v5-noauto","v5","iso-1","level-up-flow","rep-3",93131,1168,12475,80656,12467,93131,4,0,0,"view",4,5.89947,5,0,0,4,0,2793,0,2793,1,"",0,"AGENTS.md(1048) docs/code/worker/src/services/character.md(697) docs/flows/level-up.md(652) docs/code/worker/src/routes/levelup.md(396)"
"research-v5-noauto","v5","iso-1","local-login","rep-1",68496,1167,11761,56735,11755,68496,3,0,0,"view",3,5.24165,4,0,0,4,0,2592,0,2592,0.8,"authGuard",0,"AGENTS.md(1048) docs/flows/resume-session.md(593) docs/code/frontend/src/app/services/character-state.service.md(508) docs/code/frontend/src/app/services/auth.service.md(443)"
"research-v5-noauto","v5","iso-1","local-login","rep-2",92980,1003,11892,81088,11884,92980,4,0,0,"view",4,5.59736,4,0,0,3,1,1999,623,2622,0.8,"authGuard",0,"AGENTS.md(1048) frontend/src/app/services/auth.service.ts(623) docs/code/frontend/src/app/services/character-state.service.md(508) docs/code/frontend/src/app/services/auth.service.md(443)"
"research-v5-noauto","v5","iso-1","local-login","rep-3",93279,1095,12023,81256,12015,93279,4,0,0,"view",4,5.72547,4,0,0,3,1,2084,623,2707,0.8,"authGuard",0,"AGENTS.md(1048) frontend/src/app/services/auth.service.ts(623) docs/flows/resume-session.md(593) docs/code/frontend/src/app/services/auth.service.md(443)"
"research-v5-noauto","v5","iso-1","log-pagination","rep-1",93644,1075,11983,81661,11975,93644,4,0,0,"view",4,5.70357,4,0,0,3,1,2344,350,2694,1,"",0,"AGENTS.md(1048) docs/code/frontend/src/app/components/game-console/game-console.component.md(998) frontend/src/app/components/game-console/game-console.component.ts(350) docs/code/worker/src/routes/log.md(298)"
"research-v5-noauto","v5","iso-1","log-pagination","rep-2",118908,1228,12082,106826,12072,118908,5,0,0,"view",5,6.38452,5,0,0,3,1,2344,262,2606,1,"",0,"AGENTS.md(1048) docs/code/frontend/src/app/components/game-console/game-console.component.md(998) docs/code/worker/src/routes/log.md(298) frontend/src/app/components/game-console/game-console.component.ts(262)"
"research-v5-noauto","v5","iso-1","log-pagination","rep-3",118822,1162,12021,106801,12011,118822,5,0,0,"view",5,6.30277,5,0,0,3,1,2344,221,2565,1,"",0,"AGENTS.md(1048) docs/code/frontend/src/app/components/game-console/game-console.component.md(998) docs/code/worker/src/routes/log.md(298) frontend/src/app/components/game-console/game-console.component.ts(221)"
"research-v5-noauto","v5","iso-1","rest-endpoint-plan","rep-1",117041,1707,14003,103038,13993,117041,5,0,0,"view",5,7.26801,6,0,0,5,0,3482,0,3482,1,"",0,"AGENTS.md(1048) docs/flows/add-endpoint.md(697) docs/code/worker/src/services/character.md(697) docs/flows/inventory.md(642) docs/code/worker/src/index.md(398)"
"research-v5-noauto","v5","iso-1","rest-endpoint-plan","rep-2",68290,1129,11483,56807,11477,68290,3,0,0,"view",3,5.13559,3,0,0,3,0,2387,0,2387,1,"",0,"AGENTS.md(1048) docs/flows/add-endpoint.md(697) docs/flows/inventory.md(642)"
"research-v5-noauto","v5","iso-1","rest-endpoint-plan","rep-3",68241,1161,11440,56801,11434,68241,3,0,0,"view",3,5.15672,3,0,0,3,0,2387,0,2387,1,"",0,"AGENTS.md(1048) docs/flows/add-endpoint.md(697) docs/flows/inventory.md(642)"
"research-v5-noauto","v5","iso-1","session-expiry","rep-1",90673,888,10312,80361,10304,90673,4,0,0,"view",4,5.07282,3,0,0,2,1,1641,167,1808,1,"",0,"AGENTS.md(1048) docs/flows/resume-session.md(593) worker/src/routes/session.ts(167)"
"research-v5-noauto","v5","iso-1","session-expiry","rep-2",90749,1033,10374,80375,10366,90749,4,0,0,"view",4,5.2336,3,0,0,2,1,1641,167,1808,1,"",0,"AGENTS.md(1048) docs/flows/resume-session.md(593) worker/src/routes/session.ts(167)"
"research-v5-noauto","v5","iso-1","session-expiry","rep-3",92004,1033,11645,80359,11637,92004,4,0,0,"view",4,5.55103,4,0,0,2,2,1641,878,2519,1,"",0,"AGENTS.md(1048) worker/src/services/session.ts(711) docs/flows/resume-session.md(593) worker/src/routes/session.ts(167)"
"research-v5-noauto","v5","iso-1","shop-sell","rep-1",313024,2224,15466,297558,15442,313024,12,0,0,"view",12,12.04046,11,2,0,3,2,2105,1488,3593,1,"",0,"worker/src/routes/shop.ts(1128) AGENTS.md(1048) docs/flows/inventory.md(642) docs/code/worker/src/routes/shop.md(415) worker/src/db/seed.sql(360)"
"research-v5-noauto","v5","iso-1","shop-sell","rep-2",140386,1571,24163,116223,16746,125607,5,14779,1,"read_file",8,7.54652,15,0,0,4,2,2648,2914,5562,1,"",0,"worker/src/db/seed.sql(1786) worker/src/routes/shop.ts(1128) AGENTS.md(1048) docs/flows/inventory.md(642) docs/code/worker/src/db/seed.md(543)"
"research-v5-noauto","v5","iso-1","shop-sell","rep-3",139660,1629,23364,116296,16183,124477,5,15183,1,"read_file",8,7.40343,15,0,0,4,2,2648,2914,5562,1,"",0,"worker/src/db/seed.sql(1786) worker/src/routes/shop.ts(1128) AGENTS.md(1048) docs/flows/inventory.md(642) docs/code/worker/src/db/seed.md(543)"
"research-v5-noauto","v5","iso-1","starting-gear","rep-1",67058,441,10331,56727,10325,67058,3,0,0,"view",3,4.15799,2,0,0,2,0,1800,0,1800,1,"",0,"AGENTS.md(1048) docs/flows/character-creation.md(752)"
"research-v5-noauto","v5","iso-1","starting-gear","rep-2",166166,1188,11890,154276,11876,166166,7,0,0,"view",7,7.24532,6,1,0,2,1,1800,323,2123,1,"",0,"AGENTS.md(1048) docs/flows/character-creation.md(752) worker/src/services/character.ts(323)"
"research-v5-noauto","v5","iso-1","starting-gear","rep-3",67052,384,10329,56723,10323,67052,3,0,0,"view",3,4.10041,2,0,0,2,0,1800,0,1800,1,"",0,"AGENTS.md(1048) docs/flows/character-creation.md(752)"
"research-v6","v6","iso-1","ai-fallback","rep-1",72582,888,12736,59846,12730,72582,3,0,0,"view",3,5.26862,2,0,1,1,1,721,1493,2214,0.8,"choices",0,"worker/src/services/ai-dm.ts(1493) docs/code/worker/src/services/ai-dm.md(721)"
"research-v6","v6","iso-1","ai-fallback","rep-2",96585,965,12758,83827,12750,96585,4,0,0,"view",4,5.83064,3,0,1,1,1,721,1421,2142,1,"",0,"worker/src/services/ai-dm.ts(1421) docs/code/worker/src/services/ai-dm.md(721)"
"research-v6","v6","iso-1","ai-fallback","rep-3",96896,921,12986,83910,12978,96896,4,0,0,"view",4,5.8453,3,0,1,1,1,721,1474,2195,0.8,"choices",0,"worker/src/services/ai-dm.ts(1474) docs/code/worker/src/services/ai-dm.md(721)"
"research-v6","v6","iso-1","combat-round","rep-1",47419,661,11345,36074,11341,47419,2,0,0,"view",2,4.21853,1,0,1,2,0,1390,0,1390,1,"",0,"docs/flows/combat.md(734) docs/code/worker/src/services/combat.md(656)"
"research-v6","v6","iso-1","combat-round","rep-2",47405,647,11330,36075,11326,47405,2,0,0,"view",2,4.2008,1,0,1,2,0,1390,0,1390,1,"",0,"docs/flows/combat.md(734) docs/code/worker/src/services/combat.md(656)"
"research-v6","v6","iso-1","combat-round","rep-3",47414,801,11341,36073,11337,47414,2,0,0,"view",2,4.35751,1,0,1,2,0,1390,0,1390,1,"",0,"docs/flows/combat.md(734) docs/code/worker/src/services/combat.md(656)"
"research-v6","v6","iso-1","cors-origin","rep-1",116971,787,10729,106242,10719,116971,5,0,0,"view",5,5.59359,4,0,1,1,1,420,440,860,1,"",0,"worker/src/index.ts(440) docs/code/worker/src/index.md(420)"
"research-v6","v6","iso-1","cors-origin","rep-2",117027,701,10834,106193,10824,117027,5,0,0,"view",5,5.53286,4,0,1,1,1,420,565,985,1,"",0,"worker/src/index.ts(565) docs/code/worker/src/index.md(420)"
"research-v6","v6","iso-1","cors-origin","rep-3",93406,582,10735,82671,10727,93406,4,0,0,"view",4,4.91877,3,0,1,1,1,420,565,985,1,"",0,"worker/src/index.ts(565) docs/code/worker/src/index.md(420)"
"research-v6","v6","iso-1","inventory-dialog","rep-1",46031,462,9983,36048,9979,46031,2,0,0,"view",2,3.67851,1,0,1,1,0,662,0,662,1,"",0,"docs/flows/inventory.md(662)"
"research-v6","v6","iso-1","inventory-dialog","rep-2",46029,533,9985,36044,9981,46029,2,0,0,"view",2,3.74993,1,0,1,1,0,662,0,662,1,"",0,"docs/flows/inventory.md(662)"
"research-v6","v6","iso-1","inventory-dialog","rep-3",46027,482,9979,36048,9975,46027,2,0,0,"view",2,3.69751,1,0,1,1,0,662,0,662,1,"",0,"docs/flows/inventory.md(662)"
"research-v6","v6","iso-1","level-up-flow","rep-1",46026,859,9969,36057,9965,46026,2,0,0,"view",2,4.07219,1,0,1,1,0,672,0,672,1,"",0,"docs/flows/level-up.md(672)"
"research-v6","v6","iso-1","level-up-flow","rep-2",46023,779,9969,36054,9965,46023,2,0,0,"view",2,3.99213,1,0,1,1,0,672,0,672,1,"",0,"docs/flows/level-up.md(672)"
"research-v6","v6","iso-1","level-up-flow","rep-3",46022,785,9968,36054,9964,46022,2,0,0,"view",2,3.99788,1,0,1,1,0,672,0,672,1,"",0,"docs/flows/level-up.md(672)"
"research-v6","v6","iso-1","local-login","rep-1",47957,679,11900,36057,11896,47957,2,0,0,"view",2,4.37494,1,0,1,4,0,1900,0,1900,1,"",0,"docs/flows/resume-session.md(605) docs/code/frontend/src/app/services/character-state.service.md(539) docs/code/frontend/src/app/services/auth.service.md(462) docs/code/frontend/src/app/app.routes.md(294)"
"research-v6","v6","iso-1","local-login","rep-2",74943,934,13221,61722,13215,74943,3,0,0,"view",3,5.47339,2,0,1,4,1,1899,623,2522,1,"",0,"frontend/src/app/services/auth.service.ts(623) docs/flows/resume-session.md(614) docs/code/frontend/src/app/services/character-state.service.md(529) docs/code/frontend/src/app/services/auth.service.md(462) docs/code/frontend/src/app/app.routes.md(294)"
"research-v6","v6","iso-1","local-login","rep-3",74837,972,13162,61675,13156,74837,3,0,0,"view",3,5.4957,2,0,1,4,1,1899,623,2522,1,"",0,"frontend/src/app/services/auth.service.ts(623) docs/flows/resume-session.md(614) docs/code/frontend/src/app/services/character-state.service.md(529) docs/code/frontend/src/app/services/auth.service.md(462) docs/code/frontend/src/app/app.routes.md(294)"
"research-v6","v6","iso-1","log-pagination","rep-1",126563,1498,14545,112018,14535,126563,5,0,0,"view",5,7.37411,6,0,0,2,2,1296,653,1949,1,"",0,"docs/code/frontend/src/app/components/game-console/game-console.component.md(998) frontend/src/app/components/game-console/game-console.component.ts(384) docs/code/worker/src/routes/log.md(298) worker/src/routes/log.ts(269)"
"research-v6","v6","iso-1","log-pagination","rep-2",203584,2411,14611,188973,14595,203584,8,0,0,"view",8,9.84241,11,0,0,1,2,298,506,804,1,"",0,"docs/code/worker/src/routes/log.md(298) worker/src/routes/log.ts(269) frontend/src/app/services/game-api.service.ts(237)"
"research-v6","v6","iso-1","log-pagination","rep-3",146880,2235,13761,133119,13749,146880,6,0,0,"view",6,8.33703,9,0,0,1,1,298,269,567,1,"",0,"docs/code/worker/src/routes/log.md(298) worker/src/routes/log.ts(269)"
"research-v6","v6","iso-1","rest-endpoint-plan","rep-1",51175,1138,15089,36086,15085,51175,2,0,0,"view",2,5.63177,1,0,1,5,0,3472,0,3472,1,"",0,"docs/code/worker/src/types/index.md(771) docs/code/frontend/src/app/services/game-api.service.md(763) docs/flows/add-endpoint.md(709) docs/flows/inventory.md(653) docs/code/frontend/src/app/models/game.models.md(576)"
"research-v6","v6","iso-1","rest-endpoint-plan","rep-2",94026,1324,11834,82192,11826,94026,4,0,0,"view",4,5.92594,3,0,1,1,0,134,0,134,1,"",0,"../../../../../Users/BOB~1.FOR/AppData/Local/Temp/1791582062262-copilot-tool-output-26792-a1fd3678-b600-4366-8834-892be2807dd8.txt(1297) docs/flows/add-endpoint.md(134)"
"research-v6","v6","iso-1","rest-endpoint-plan","rep-3",122728,1570,17285,105443,17275,122728,5,0,0,"view",5,7.99961,4,1,1,1,0,134,0,134,1,"",0,"../../../../../Users/BOB~1.FOR/AppData/Local/Temp/1791582669324-copilot-tool-output-50584-3e681380-9ae4-45ea-b238-936e798a5244.txt(4211) docs/flows/inventory.md(134)"
"research-v6","v6","iso-1","session-expiry","rep-1",45882,616,9816,36066,9812,45882,2,0,0,"view",2,3.79112,1,0,1,1,0,614,0,614,1,"",0,"docs/flows/resume-session.md(614)"
"research-v6","v6","iso-1","session-expiry","rep-2",45889,596,9820,36069,9816,45889,2,0,0,"view",2,3.77218,1,0,1,1,0,614,0,614,1,"",0,"docs/flows/resume-session.md(614)"
"research-v6","v6","iso-1","session-expiry","rep-3",45891,564,9820,36071,9816,45891,2,0,0,"view",2,3.74022,1,0,1,1,0,614,0,614,1,"",0,"docs/flows/resume-session.md(614)"
"research-v6","v6","iso-1","shop-sell","rep-1",151902,1258,13089,138813,13077,151902,6,0,0,"view",6,7.30591,5,0,2,1,2,662,1340,2002,1,"",0,"worker/src/routes/shop.ts(1313) docs/flows/inventory.md(662) worker/src/db/seed.ts(27)"
"research-v6","v6","iso-1","shop-sell","rep-2",153747,1435,13734,140013,13722,153747,6,0,0,"view",6,7.66816,6,1,2,1,1,662,1322,1984,1,"",0,"worker/src/routes/shop.ts(1322) docs/flows/inventory.md(662)"
"research-v6","v6","iso-1","shop-sell","rep-3",179258,1206,13344,165914,13330,179258,7,0,0,"view",7,7.85958,6,1,2,1,1,662,1322,1984,1,"",0,"worker/src/routes/shop.ts(1322) docs/flows/inventory.md(662)"
"research-v6","v6","iso-1","starting-gear","rep-1",70001,657,11442,58559,11436,70001,3,0,0,"view",3,4.68838,3,1,0,2,0,1255,0,1255,1,"",0,"docs/flows/character-creation.md(752) docs/code/worker/src/db/seed.md(503)"
"research-v6","v6","iso-1","starting-gear","rep-2",46283,286,10233,36050,10229,46283,2,0,0,"view",2,3.56505,1,0,1,1,0,775,0,775,1,"",0,"docs/flows/character-creation.md(775)"
"research-v6","v6","iso-1","starting-gear","rep-3",46298,269,10248,36050,10244,46298,2,0,0,"view",2,3.5518,1,0,1,1,0,775,0,775,1,"",0,"docs/flows/character-creation.md(775)"
"research-v6-noauto","v6","iso-1","ai-fallback","rep-1",93965,913,13333,80632,13325,93965,4,0,0,"view",4,5.85849,3,0,2,2,1,1762,1624,3386,0.8,"choices",0,"worker/src/services/ai-dm.ts(1624) AGENTS.md(1041) docs/code/worker/src/services/ai-dm.md(721) worker/src/services/ai-dm.ts#fallbackNarrative(45) worker/src/services/ai-dm.ts#parseAIResponse(34)"
"research-v6-noauto","v6","iso-1","ai-fallback","rep-2",143378,1148,13261,130117,13249,143378,6,0,0,"view",6,7.06499,5,0,1,2,1,1762,1496,3258,0.8,"choices",0,"worker/src/services/ai-dm.ts(1496) AGENTS.md(1041) docs/code/worker/src/services/ai-dm.md(721)"
"research-v6-noauto","v6","iso-1","ai-fallback","rep-3",118001,1004,13126,104875,13116,118001,5,0,0,"view",5,6.3825,4,0,1,2,1,1762,1493,3255,0.8,"choices",0,"worker/src/services/ai-dm.ts(1493) AGENTS.md(1041) docs/code/worker/src/services/ai-dm.md(721)"
"research-v6-noauto","v6","iso-1","combat-round","rep-1",68213,831,11448,56765,11442,68213,3,0,0,"view",3,4.828,2,0,1,3,0,2431,0,2431,1,"",0,"AGENTS.md(1041) docs/flows/combat.md(734) docs/code/worker/src/services/combat.md(656)"
"research-v6-noauto","v6","iso-1","combat-round","rep-2",68201,775,11444,56757,11438,68201,3,0,0,"view",3,4.77084,2,0,1,3,0,2431,0,2431,1,"",0,"AGENTS.md(1041) docs/flows/combat.md(734) docs/code/worker/src/services/combat.md(656)"
"research-v6-noauto","v6","iso-1","combat-round","rep-3",68217,881,11452,56765,11446,68217,3,0,0,"view",3,4.879,2,0,1,3,0,2431,0,2431,1,"",0,"AGENTS.md(1041) docs/flows/combat.md(734) docs/code/worker/src/services/combat.md(656)"
"research-v6-noauto","v6","iso-1","cors-origin","rep-1",138217,845,10997,127220,10985,138217,6,0,0,"view",6,6.13805,5,0,1,2,1,1461,565,2026,1,"",0,"AGENTS.md(1041) worker/src/index.ts(565) docs/code/worker/src/index.md(420)"
"research-v6-noauto","v6","iso-1","cors-origin","rep-2",90771,574,10705,80066,10697,90771,4,0,0,"view",4,4.85117,3,0,1,2,1,1461,565,2026,1,"",0,"AGENTS.md(1041) worker/src/index.ts(565) docs/code/worker/src/index.md(420)"
"research-v6-noauto","v6","iso-1","cors-origin","rep-3",114668,745,10948,103720,10938,114668,5,0,0,"view",5,5.5559,4,0,1,2,1,1461,565,2026,1,"",0,"AGENTS.md(1041) worker/src/index.ts(565) docs/code/worker/src/index.md(420)"
"research-v6-noauto","v6","iso-1","inventory-dialog","rep-1",66784,536,10077,56707,10071,66784,3,0,0,"view",3,4.18909,2,0,1,2,0,1703,0,1703,1,"",0,"AGENTS.md(1041) docs/flows/inventory.md(662)"
"research-v6-noauto","v6","iso-1","inventory-dialog","rep-2",66814,605,10099,56715,10093,66814,3,0,0,"view",3,4.26375,2,0,1,2,0,1703,0,1703,1,"",0,"AGENTS.md(1041) docs/flows/inventory.md(662)"
"research-v6-noauto","v6","iso-1","inventory-dialog","rep-3",66801,642,10084,56717,10078,66801,3,0,0,"view",3,4.29704,2,0,1,2,0,1703,0,1703,1,"",0,"AGENTS.md(1041) docs/flows/inventory.md(662)"
"research-v6-noauto","v6","iso-1","level-up-flow","rep-1",66797,993,10070,56727,10064,66797,3,0,0,"view",3,4.64474,2,0,1,2,0,1713,0,1713,1,"",0,"AGENTS.md(1041) docs/flows/level-up.md(672)"
"research-v6-noauto","v6","iso-1","level-up-flow","rep-2",66811,923,10076,56735,10070,66811,3,0,0,"view",3,4.5764,2,0,1,2,0,1713,0,1713,1,"",0,"AGENTS.md(1041) docs/flows/level-up.md(672)"
"research-v6-noauto","v6","iso-1","level-up-flow","rep-3",66886,934,10150,56736,10144,66886,3,0,0,"view",3,4.60592,2,0,1,2,0,1713,0,1713,1,"",0,"AGENTS.md(1041) docs/flows/level-up.md(672)"
"research-v6-noauto","v6","iso-1","local-login","rep-1",95597,887,13193,82404,13185,95597,4,0,0,"view",4,5.83293,3,0,1,5,1,2940,623,3563,1,"",0,"AGENTS.md(1041) frontend/src/app/services/auth.service.ts(623) docs/flows/resume-session.md(614) docs/code/frontend/src/app/services/character-state.service.md(529) docs/code/frontend/src/app/services/auth.service.md(462)"
"research-v6-noauto","v6","iso-1","local-login","rep-2",70695,755,13972,56723,13966,70695,3,0,0,"view",3,5.38216,2,0,1,7,0,3998,0,3998,0.8,"no password",0,"AGENTS.md(1041) docs/flows/resume-session.md(605) docs/code/worker/migrations/0001_initial_schema.md(542) docs/code/frontend/src/app/services/character-state.service.md(529) docs/code/worker/src/db/seed.md(525)"
"research-v6-noauto","v6","iso-1","local-login","rep-3",95611,920,13199,82412,13191,95611,4,0,0,"view",4,5.86759,3,0,1,5,1,2940,623,3563,1,"",0,"AGENTS.md(1041) frontend/src/app/services/auth.service.ts(623) docs/flows/resume-session.md(614) docs/code/frontend/src/app/services/character-state.service.md(529) docs/code/frontend/src/app/services/auth.service.md(462)"
"research-v6-noauto","v6","iso-1","log-pagination","rep-1",248891,2028,14698,234193,14678,248891,10,0,0,"view",10,10.38536,9,0,0,3,2,2337,619,2956,1,"",0,"AGENTS.md(1041) docs/code/frontend/src/app/components/game-console/game-console.component.md(998) frontend/src/app/components/game-console/game-console.component.ts(350) docs/code/worker/src/routes/log.md(298) worker/src/routes/log.ts(269)"
"research-v6-noauto","v6","iso-1","log-pagination","rep-2",147526,1556,15352,132174,15340,147526,6,0,0,"view",6,8.03688,7,0,0,4,1,3072,350,3422,1,"",0,"AGENTS.md(1041) docs/code/frontend/src/app/components/game-console/game-console.component.md(998) docs/code/frontend/src/app/services/game-api.service.md(735) frontend/src/app/components/game-console/game-console.component.ts(350) docs/code/worker/src/routes/log.md(298)"
"research-v6-noauto","v6","iso-1","log-pagination","rep-3",148715,1521,14554,134161,14542,148715,6,0,0,"view",6,7.84212,7,0,1,3,3,2337,710,3047,1,"",0,"AGENTS.md(1041) docs/code/frontend/src/app/components/game-console/game-console.component.md(998) docs/code/worker/src/routes/log.md(298) frontend/src/app/services/game-api.service.ts(279) worker/src/routes/log.ts(269)"
"research-v6-noauto","v6","iso-1","rest-endpoint-plan","rep-1",91694,1115,14001,77693,13993,91694,4,0,0,"view",4,6.16871,3,0,1,5,0,3759,0,3759,1,"",0,"AGENTS.md(1041) docs/code/worker/src/types/index.md(771) docs/flows/add-endpoint.md(709) docs/flows/inventory.md(653) docs/code/frontend/src/app/models/game.models.md(585)"
"research-v6-noauto","v6","iso-1","rest-endpoint-plan","rep-2",89196,1088,11511,77685,11503,89196,4,0,0,"view",4,5.51905,3,0,1,3,0,2412,0,2412,1,"",0,"AGENTS.md(1041) docs/flows/add-endpoint.md(709) docs/flows/inventory.md(662)"
"research-v6-noauto","v6","iso-1","rest-endpoint-plan","rep-3",96766,1274,14925,81841,14917,96766,4,0,0,"view",4,6.64167,3,0,2,3,3,2412,1838,4250,1,"",0,"worker/src/routes/shop.ts(1322) AGENTS.md(1041) docs/flows/add-endpoint.md(709) docs/flows/inventory.md(662) worker/src/index.ts(345)"
"research-v6-noauto","v6","iso-1","session-expiry","rep-1",66693,732,9938,56755,9932,66693,3,0,0,"view",3,4.3513,2,0,1,2,0,1655,0,1655,1,"",0,"AGENTS.md(1041) docs/flows/resume-session.md(614)"
"research-v6-noauto","v6","iso-1","session-expiry","rep-2",66702,885,9949,56753,9943,66702,3,0,0,"view",3,4.50701,2,0,1,2,0,1655,0,1655,1,"",0,"AGENTS.md(1041) docs/flows/resume-session.md(614)"
"research-v6-noauto","v6","iso-1","session-expiry","rep-3",90780,951,10397,80383,10389,90780,4,0,0,"view",4,5.15751,3,0,1,2,1,1655,167,1822,1,"",0,"AGENTS.md(1041) docs/flows/resume-session.md(614) worker/src/routes/session.ts(167)"
"research-v6-noauto","v6","iso-1","shop-sell","rep-1",173249,1242,13192,160057,13178,173249,7,0,0,"view",7,7.74044,6,0,2,2,2,1703,1340,3043,1,"",0,"worker/src/routes/shop.ts(1313) AGENTS.md(1041) docs/flows/inventory.md(662) worker/src/db/seed.ts(27)"
"research-v6-noauto","v6","iso-1","shop-sell","rep-2",173854,1465,13474,160380,13460,173854,7,0,0,"view",7,8.0404,6,0,2,2,2,1703,1340,3043,1,"",0,"worker/src/routes/shop.ts(1313) AGENTS.md(1041) docs/flows/inventory.md(662) worker/src/db/seed.ts(27)"
"research-v6-noauto","v6","iso-1","shop-sell","rep-3",201184,1611,13762,187422,13746,201184,8,0,0,"view",8,8.79914,7,0,2,2,2,1703,1340,3043,1,"",0,"worker/src/routes/shop.ts(1313) AGENTS.md(1041) docs/flows/inventory.md(662) worker/src/db/seed.ts(27)"
"research-v6-noauto","v6","iso-1","starting-gear","rep-1",67063,389,10348,56715,10342,67063,3,0,0,"view",3,4.11,2,0,1,2,0,1816,0,1816,1,"",0,"AGENTS.md(1041) docs/flows/character-creation.md(775)"
"research-v6-noauto","v6","iso-1","starting-gear","rep-2",67073,380,10352,56721,10346,67073,3,0,0,"view",3,4.10212,2,0,1,2,0,1816,0,1816,1,"",0,"AGENTS.md(1041) docs/flows/character-creation.md(775)"
"research-v6-noauto","v6","iso-1","starting-gear","rep-3",141213,978,11600,129613,11588,141213,6,0,0,"view",6,6.46966,5,0,1,2,1,1816,298,2114,1,"",0,"AGENTS.md(1041) docs/flows/character-creation.md(775) worker/src/services/character.ts(298)"